FMS Vendor Id|FMS Contract #|DOE
ID|ACCIS|Program Number|CONTRACTOR|SITE|Site
Address|Site
City|Site
Zip|B/Z|City
Lease?|DCC
Model|Model|Preschool 
Slots Award|Toddler
Slots Award|Infant
Slots Award|Preschool
Dual Slots|Preschool
HS Slots|Preschool
CC Slots|Preschool
Dual Slots
UPK|Preschool
HS Slots
UPK|Preschool
CC Slots
UPK|Total UPK Slots|GFDC Preschool Award Slots|GFDC Toddler Award Slots|GFDC Infant  Award Slots|RFDC Preschool Award Slots|RFDC
Toddler  Award Slots|RFDC
Infant  Award Slots|TOTAL FCCN AWARD SLOTS|Infant|Toddler|Pre
School|SITE
AWARD|CITY
ADMIN|TOTAL
FUNDING|HS Contractor
UPK|CC Contractor
UPK|Total Contractor
UPK|Head Start|Head Start CTL|Child Care|
FCCN Stipend|
FCCN Admin|HS UPK
City Admin
Work Comp|HS UPK
City Admin
Insurance|HS UPK
City Admin
Facility|HS UPK
City Admin
TOTAL|CC UPK
City Admin
Work Comp|CC UPK
City Admin
Insurance|CC UPK
City Admin
Facility|CC UPK
City Admin
TOTAL|HS
City Admin
Work Comp|HS
City Admin
Insurance|HS
City Admin
Facility|HS
City Admin
TOTAL|HS CTL
City Admin
Work Comp|HS CTL
City Admin
Insurance|HS CTL
City Admin
Facility|HS CTL
City Admin
TOTAL|HS Contractor
UPK|CC Contractor
UPK|HS
City Admin
UPK|CC
City Admin
UPK|TOTAL
UPK|Contractor Head Start|City Head Start|Combined Head Start|Required Non Federal Match|NFM
Contractor
UPK HS|NFM
Contractor
HS CTL|NFM
CITY
UPK HS|NFM
CITY
HS CTL|FUNDED 
NFM|NFM
SHORTFALL
[Contract Contrib]|CC [GDCIN]
Contractor Contribution|CC [GDCTD]
Contractor Contribution|CC [GDCPS]
Contractor Contribution|CC [FCCN]
Contractor Contribution|CC UPK
Contractor Contribution|HS/HS CTL/HS UPK Contractor Contribution|COMBINED
Contractor
Contribution|FULL
Contractor
Contribution
0000567954| 20131406791 |QAPS|00803|0880310|BAbove Worldwide Institute|BAbove 22|137-37 Farmers Blvd|Queens| 11434 |Queens 11434|No| 3 |Child Care|3/13/1900 |12:00:00 AM | 0 | 0 | 0 | 73 | 0 | 0 | 30 | 30 | 0 | 0 | 0 | 0 | 0 | 0 | 0 | 0 | 0 | 844604.16 | 844604.16 | 0 | 844604.16 | 0 | 88172.064 | 88172.064 | 0 | 0 | 756432.096 | 0 | 0 | 0 | 0 | 0 | 0 | 0 | 0 | 0 | 0 | 0 | 0 | 0 | 0 | 0 | 0 | 0 | 0 | 0 | 88172.064 | 0 | 0 | 88172.064 | 0 | 0 | 0 | 0 | 0 | 0 | 0 | 0 | 0 | 0 | 0 | 0 | 54320.4184694534 | 0 | 6331.75593569132 | 0 | 60652.1744051447 | 60652.1744051447 
0000567954| 20131406791 |QBAE|00803|0880316|BAbove Worldwide Institute|BAbove 9|60-05 Woodhaven Blvd|Queens| 11373 |Queens 11373|No| 2 |Head Start|4/23/1900 |12:00:00 AM | 0 | 0 | 114 | 0 | 0 | 47 | 0 | 47 | 0 | 0 | 0 | 0 | 0 | 0 | 0 | 0 | 0 | 1612573.32 | 1612573.32 | 0 | 1612573.32 | 211106.6364375 | 0 | 211106.6364375 | 1401466.6835625 | 0 | 0 | 0 | 0 | 0 | 0 | 0 | 0 | 0 | 0 | 0 | 0 | 0 | 0 | 0 | 0 | 0 | 0 | 0 | 0 | 211106.6364375 | 0 | 0 | 0 | 211106.6364375 | 1401466.6835625 | 0 | 1401466.6835625 | 350366.670890625 | 211106.6364375 | 0 | 0 | 0 | 211106.6364375 | 139260.034453125 | 0 | 0 | 0 | 0 | 0 | 139260.034453125 | 139260.034453125 | 115801.085144695 
0000567954| 20131406791 |FNBAB|00803|0880321|BAbove Worldwide Institute|BAbove 53|540 Atlantic Avenue|Manhattan| 10027 |Manhattan 10027|Yes| 4 |FCCN|12:00:00 AM |12:00:00 AM | 0 | 0 | 0 | 0 | 0 | 0 | 0 | 0 | 0 | 110 | 0 | 0 | 110 | 180 | 400 | 0 | 0 | 0 | 3724068 | 0 | 3724068 | 0 | 0 | 0 | 0 | 0 | 0 | 3164436 | 559632 | 0 | 0 | 0 | 0 | 0 | 0 | 0 | 0 | 0 | 0 | 0 | 0 | 0 | 0 | 0 | 0 | 0 | 0 | 0 | 0 | 0 | 0 | 0 | 0 | 0 | 0 | 0 | 0 | 0 | 0 | 0 | 0 | 0 | 0 | 40187.9356913183 | 0 | 0 | 40187.9356913183 | 40187.9356913183 
0000488616| 20131406896 |QARO|00808|0880801|Committee for Early Childhood Development DCC|Committee for Early Childhood Development Head Start 2|117-21 Sutphin Blvd.|Queens| 11434 |Queens 11434|No| 2 |Head Start|8/2/1900 |12:00:00 AM | 0 | 0 | 215 | 0 | 0 | 90 | 0 | 90 | 0 | 0 | 0 | 0 | 0 | 0 | 0 | 0 | 0 | 3041256.7 | 3041256.7 | 0 | 3041256.7 | 404246.750625 | 0 | 404246.750625 | 2637009.949375 | 0 | 0 | 0 | 0 | 0 | 0 | 0 | 0 | 0 | 0 | 0 | 0 | 0 | 0 | 0 | 0 | 0 | 0 | 0 | 0 | 404246.750625 | 0 | 0 | 0 | 404246.750625 | 2637009.949375 | 0 | 2637009.949375 | 659252.48734375 | 404246.750625 | 0 | 0 | 0 | 404246.750625 | 255005.73671875 | 0 | 0 | 0 | 0 | 0 | 255005.73671875 | 255005.73671875 | 218396.783386924 
0000488616| 20131406896 |COMF2|00808|0880802|Committee for Early Childhood Development DCC|COMFEC Jamaica #2|193-25 Jamaica Avenue|Queens| 11423 |Queens 11423|No| 3 |Child Care|3/30/1900 |12:00:00 AM | 0 | 0 | 0 | 90 | 0 | 0 | 37 | 37 | 0 | 0 | 0 | 0 | 0 | 0 | 0 | 0 | 0 | 1041292.8 | 1041292.8 | 0 | 1041292.8 | 0 | 108745.5456 | 108745.5456 | 0 | 0 | 932547.2544 | 0 | 0 | 0 | 0 | 0 | 0 | 0 | 0 | 0 | 0 | 0 | 0 | 0 | 0 | 0 | 0 | 0 | 0 | 0 | 108745.5456 | 0 | 0 | 108745.5456 | 0 | 0 | 0 | 0 | 0 | 0 | 0 | 0 | 0 | 0 | 0 | 0 | 66967.4877221865 | 0 | 7809.16565401929 | 0 | 74776.6533762058 | 74776.6533762058 
0000476869| 20131406898 |QAVD|00809|0880901|Community Parents|Community and Family Head Start|41-05 Beach Channel Drive|Queens| 11691 |Queens 11691|No| 2 |Head Start|4/20/1900 |12:00:00 AM | 0 | 0 | 111 | 0 | 0 | 46 | 0 | 46 | 0 | 0 | 0 | 0 | 0 | 0 | 0 | 0 | 0 | 1568973.9 | 1568973.9 | 0 | 1568973.9 | 206461.929375 | 0 | 206461.929375 | 1362511.970625 | 0 | 0 | 0 | 0 | 0 | 0 | 0 | 0 | 0 | 0 | 0 | 0 | 0 | 0 | 0 | 0 | 0 | 0 | 0 | 0 | 206461.929375 | 0 | 0 | 0 | 206461.929375 | 1362511.970625 | 0 | 1362511.970625 | 340627.99265625 | 206461.929375 | 0 | 0 | 0 | 206461.929375 | 134166.06328125 | 0 | 0 | 0 | 0 | 0 | 134166.06328125 | 134166.06328125 | 112670.151446945 
0002448506| 20131418796 |QARQ|00870|0887001|All My Children Daycare and Nursery School|All My Children Day Care 1|83-10 188 Street|Queens| 11432 |Queens 11432|No| 3 |Child Care|2/8/1900 |1/13/1900 | 0 | 0 | 0 | 40 | 0 | 0 | 17 | 17 | 0 | 0 | 0 | 0 | 0 | 0 | 0 | 0 | 252651.84 | 462796.8 | 715448.64 | 0 | 715448.64 | 0 | 49964.1696 | 49964.1696 | 0 | 0 | 665484.4704 | 0 | 0 | 0 | 0 | 0 | 0 | 0 | 0 | 0 | 0 | 0 | 0 | 0 | 0 | 0 | 0 | 0 | 0 | 0 | 49964.1696 | 0 | 0 | 49964.1696 | 0 | 0 | 0 | 0 | 0 | 0 | 0 | 0 | 0 | 0 | 0 | 18143.2725401929 | 29646.0731369775 | 0 | 3587.99503022508 | 0 | 51377.3407073955 | 51377.3407073955 
0002448506| 20131418796 |QBHD|00870|0887002|All My Children Daycare and Nursery School|All My Children Daycare 3|66-05 108th Street|Queens| 11375 |Queens 11375|No| 3 |Child Care|1/13/1900 |1/9/1900 | 0 | 0 | 0 | 14 | 0 | 0 | 6 | 6 | 0 | 0 | 0 | 0 | 0 | 0 | 0 | 0 | 180465.6 | 161978.88 | 342444.48 | 0 | 342444.48 | 0 | 17634.4128 | 17634.4128 | 0 | 0 | 324810.0672 | 0 | 0 | 0 | 0 | 0 | 0 | 0 | 0 | 0 | 0 | 0 | 0 | 0 | 0 | 0 | 0 | 0 | 0 | 0 | 17634.4128 | 0 | 0 | 17634.4128 | 0 | 0 | 0 | 0 | 0 | 0 | 0 | 0 | 0 | 0 | 0 | 12959.4803858521 | 10365.5726713826 | 0 | 1266.35118713826 | 0 | 24591.404244373 | 24591.404244373 
0002448506| 20131418796 |FNAMC|00870|0887020|All My Children Daycare and Nursery School|All My Children FCC Queens|190-02 Linden Blvd.|Queens| 11368 |Queens 11368|Yes| 4 |FCCN|12:00:00 AM |12:00:00 AM | 0 | 0 | 0 | 0 | 0 | 0 | 0 | 0 | 22 | 158 | 120 | 23 | 142 | 135 | 600 | 0 | 0 | 0 | 5780663.2 | 0 | 5780663.2 | 0 | 0 | 0 | 0 | 0 | 0 | 4941215.2 | 839448 | 0 | 0 | 0 | 0 | 0 | 0 | 0 | 0 | 0 | 0 | 0 | 0 | 0 | 0 | 0 | 0 | 0 | 0 | 0 | 0 | 0 | 0 | 0 | 0 | 0 | 0 | 0 | 0 | 0 | 0 | 0 | 0 | 0 | 0 | 60281.9035369775 | 0 | 0 | 60281.9035369775 | 60281.9035369775 
0003153400| 20131407182 |QAPL|00886|0888601|Sholom Day Care|Sholom Day Care 1|8204 Lefferts Blvd|Queens| 11415 |Queens 11415|No| 3 |Child Care|2/22/1900 |1/14/1900 | 0 | 0 | 0 | 54 | 0 | 0 | 22 | 22 | 0 | 0 | 0 | 0 | 0 | 0 | 0 | 0 | 270698.4 | 624775.68 | 895474.08 | 0 | 895474.08 | 0 | 64659.5136 | 64659.5136 | 0 | 0 | 830814.5664 | 0 | 0 | 0 | 0 | 0 | 0 | 0 | 0 | 0 | 0 | 0 | 0 | 0 | 0 | 0 | 0 | 0 | 0 | 0 | 64659.5136 | 0 | 0 | 64659.5136 | 0 | 0 | 0 | 0 | 0 | 0 | 0 | 0 | 0 | 0 | 0 | 19439.2205787781 | 40222.7043395498 | 0 | 4643.28768617363 | 0 | 64305.2126045016 | 64305.2126045016 
0003153400| 20131407182 |FNSHD|00886|0888620|Sholom Day Care|Sholom Day Care 1|116-66 Park Lane South|Queens| 11435 |Queens 11435|Yes| 4 |FCCN|12:00:00 AM |12:00:00 AM | 0 | 0 | 0 | 0 | 0 | 0 | 0 | 0 | 0 | 91 | 9 | 0 | 60 | 40 | 200 | 0 | 0 | 0 | 1915062.8 | 0 | 1915062.8 | 0 | 0 | 0 | 0 | 0 | 0 | 1635246.8 | 279816 | 0 | 0 | 0 | 0 | 0 | 0 | 0 | 0 | 0 | 0 | 0 | 0 | 0 | 0 | 0 | 0 | 0 | 0 | 0 | 0 | 0 | 0 | 0 | 0 | 0 | 0 | 0 | 0 | 0 | 0 | 0 | 0 | 0 | 0 | 20093.9678456592 | 0 | 0 | 20093.9678456592 | 20093.9678456592 
0000938968| 20131406889 |RACS|00594| 1004702 |Children's Aid Society|Staten Island City Owned Facility|159 Broadway|Staten| 10310 |Staten 10310|Yes| 1 |Dual|4/11/1900 |1/23/1900 | 0 | 24 | 47 | 31 | 10 | 19 | 13 | 42 | 0 | 0 | 0 | 0 | 0 | 0 | 0 | 0 | 418403.52 | 1271795.16 | 1690198.68 | 181235.88 | 1871434.56 | 91853.22105 | 41175.58185 | 133028.8029 | 556841.873412128 | 0 | 1000328.00368787 | 0 | 0 | 0 | 0 | 7164.45 | 7164.45 | 0 | 0 | 3211.65 | 3211.65 | 0 | 0 | 66593.8155378722 | 66593.8155378722 | 0 | 0 | 0 | 0 | 91853.22105 | 41175.58185 | 7164.45 | 3211.65 | 143404.9029 | 556841.873412128 | 66593.8155378722 | 623435.68895 | 155858.9222375 | 91853.22105 | 0 | 7164.45 | 0 | 99017.67105 | 56841.2511875 | 0 | 30046.1263022508 | 41788.7892894828 | 0 | 2956.87458086817 | 56841.2511875 | 131633.041360102 | 121375.467909968 
0000485275| 20131406982 |FOC1|00457| 1009001 |Friends of Crown Heights Educational Centers|Friends of Crown Heights S.I.|195 Gordon Street|Staten Island| 10304 |Staten Island 10304|No| 3 |Child Care|2/23/1900 |12:00:00 AM | 0 | 0 | 0 | 55 | 0 | 0 | 23 | 23 | 0 | 0 | 0 | 0 | 0 | 0 | 0 | 0 | 0 | 636345.6 | 636345.6 | 0 | 636345.6 | 0 | 67598.5824 | 67598.5824 | 0 | 0 | 568747.0176 | 0 | 0 | 0 | 0 | 0 | 0 | 0 | 0 | 0 | 0 | 0 | 0 | 0 | 0 | 0 | 0 | 0 | 0 | 0 | 67598.5824 | 0 | 0 | 67598.5824 | 0 | 0 | 0 | 0 | 0 | 0 | 0 | 0 | 0 | 0 | 0 | 0 | 40842.4975125402 | 0 | 4854.34621736334 | 0 | 45696.8437299035 | 45696.8437299035 
0000941967| 20131407221 |RAGJ|00091| 1009101 |Staten lsland Mental Health Society|Staten Island Mental Health Society 2|166 Lockman Avenue|Staten| 10303 |Staten 10303|No| 2 |Head Start|2/25/1900 |12:00:00 AM | 0 | 0 | 57 | 0 | 0 | 24 | 0 | 24 | 0 | 0 | 0 | 0 | 0 | 0 | 0 | 0 | 0 | 797475.6 | 797475.6 | 0 | 797475.6 | 106621.11 | 0 | 106621.11 | 690854.49 | 0 | 0 | 0 | 0 | 0 | 0 | 0 | 0 | 0 | 0 | 0 | 0 | 0 | 0 | 0 | 0 | 0 | 0 | 0 | 0 | 106621.11 | 0 | 0 | 0 | 106621.11 | 690854.49 | 0 | 690854.49 | 172713.6225 | 106621.11 | 0 | 0 | 0 | 106621.11 | 66092.5125 | 0 | 0 | 0 | 0 | 0 | 66092.5125 | 66092.5125 | 57267.8083601286 
0000941967| 20131407221 |RAGK|00091| 1009102 |Staten lsland Mental Health Society|Staten Island Mental Health Society 1|16 Osgood Avenue|Staten| 10304 |Staten 10304|No| 2 |Head Start|4/23/1900 |12:00:00 AM | 0 | 0 | 114 | 0 | 0 | 47 | 0 | 47 | 0 | 0 | 0 | 0 | 0 | 0 | 0 | 0 | 0 | 1544772.96 | 1544772.96 | 0 | 1544772.96 | 202230.69525 | 0 | 202230.69525 | 1342542.26475 | 0 | 0 | 0 | 0 | 0 | 0 | 0 | 0 | 0 | 0 | 0 | 0 | 0 | 0 | 0 | 0 | 0 | 0 | 0 | 0 | 202230.69525 | 0 | 0 | 0 | 202230.69525 | 1342542.26475 | 0 | 1342542.26475 | 335635.5661875 | 202230.69525 | 0 | 0 | 0 | 202230.69525 | 133404.8709375 | 0 | 0 | 0 | 0 | 0 | 133404.8709375 | 133404.8709375 | 110932.249003215 
0000941967| 20131407221 |RACT|00091| 1009103 |Staten lsland Mental Health Society|Staten Island Mental Health Society 3|10 Kingsley Place|Staten| 10301 |Staten 10301|No| 2 |Head Start|4/23/1900 |12:00:00 AM | 0 | 0 | 114 | 0 | 0 | 47 | 0 | 47 | 0 | 0 | 0 | 0 | 0 | 0 | 0 | 0 | 0 | 1581211.92 | 1581211.92 | 0 | 1581211.92 | 207001.024875 | 0 | 207001.024875 | 1374210.895125 | 0 | 0 | 0 | 0 | 0 | 0 | 0 | 0 | 0 | 0 | 0 | 0 | 0 | 0 | 0 | 0 | 0 | 0 | 0 | 0 | 207001.024875 | 0 | 0 | 0 | 207001.024875 | 1374210.895125 | 0 | 1374210.895125 | 343552.72378125 | 207001.024875 | 0 | 0 | 0 | 207001.024875 | 136551.69890625 | 0 | 0 | 0 | 0 | 0 | 136551.69890625 | 136551.69890625 | 113548.980321543 
0000755230| 20131406990 |MATA|00050| 1105002 |Henry Street Settlement|Henry Street Settlement Family School|110-120 Baruch Drive|Manhattan| 10002 |Manhattan 10002|No| 1 |Dual|1/13/1900 |1/8/1900 | 0 | 3 | 5 | 6 | 1 | 2 | 3 | 6 | 0 | 0 | 0 | 0 | 0 | 0 | 0 | 0 | 164234.7 | 186040.96 | 350275.66 | 0 | 350275.66 | 10127.0088 | 10127.0088 | 20254.0176 | 62362.5112 | 0 | 267659.1312 | 0 | 0 | 0 | 0 | 0 | 0 | 0 | 0 | 0 | 0 | 0 | 0 | 0 | 0 | 0 | 0 | 0 | 0 | 10127.0088 | 10127.0088 | 0 | 0 | 20254.0176 | 62362.5112 | 0 | 62362.5112 | 15590.6278 | 10127.0088 | 0 | 0 | 0 | 10127.0088 | 5463.619 | 0 | 11793.9173633441 | 7427.04918585209 | 0 | 727.23428681672 | 5463.619 | 25411.8198360129 | 25153.7719399786 
0000944592| 20131406815 |MAVS|00065| 1106504 |Boys & Girls Harbor|Boys & Girls Harbor, Inc.|1 East 104th Street|Manhattan| 10029 |Manhattan 10029|No| 3 |Child Care|3/15/1900 |1/9/1900 | 0 | 0 | 0 | 75 | 0 | 0 | 31 | 31 | 0 | 0 | 0 | 0 | 0 | 0 | 0 | 0 | 180465.6 | 867744 | 1048209.6 | 0 | 1048209.6 | 0 | 91111.1328 | 91111.1328 | 0 | 0 | 957098.4672 | 0 | 0 | 0 | 0 | 0 | 0 | 0 | 0 | 0 | 0 | 0 | 0 | 0 | 0 | 0 | 0 | 0 | 0 | 0 | 91111.1328 | 0 | 0 | 91111.1328 | 0 | 0 | 0 | 0 | 0 | 0 | 0 | 0 | 0 | 0 | 0 | 12959.4803858521 | 55771.0633466238 | 0 | 6542.81446688103 | 0 | 75273.3581993569 | 75273.3581993569 
VS00009034| 20131407220 |KBWV|00110| 1111001 |St. John's Place Family Center Day Care Corporation|St Johns Place Family Center Day Care Program|1620 St Johns Place|Brooklyn| 11233 |Brooklyn 11233|No| 3 |Child Care|2/8/1900 |12:00:00 AM | 0 | 0 | 0 | 40 | 0 | 0 | 17 | 17 | 0 | 0 | 0 | 0 | 0 | 0 | 0 | 0 | 0 | 462796.8 | 462796.8 | 0 | 462796.8 | 0 | 49964.1696 | 49964.1696 | 0 | 0 | 412832.6304 | 0 | 0 | 0 | 0 | 0 | 0 | 0 | 0 | 0 | 0 | 0 | 0 | 0 | 0 | 0 | 0 | 0 | 0 | 0 | 49964.1696 | 0 | 0 | 49964.1696 | 0 | 0 | 0 | 0 | 0 | 0 | 0 | 0 | 0 | 0 | 0 | 0 | 29646.0731369775 | 0 | 3587.99503022508 | 0 | 33234.0681672026 | 33234.0681672026 
0000808143| 20131416310 |XAJB|00922| 1122702 |Fordham Bedford Housing Corporation|Concourse House|2751 Grand Concourse|Bronx| 10468 |Bronx 10468|No| 3 |Child Care|2/10/1900 |12:00:00 AM | 0 | 0 | 0 | 42 | 0 | 0 | 17 | 17 | 0 | 0 | 0 | 0 | 0 | 0 | 0 | 0 | 0 | 485936.64 | 485936.64 | 0 | 485936.64 | 0 | 49964.1696 | 49964.1696 | 0 | 0 | 435972.4704 | 0 | 0 | 0 | 0 | 0 | 0 | 0 | 0 | 0 | 0 | 0 | 0 | 0 | 0 | 0 | 0 | 0 | 0 | 0 | 49964.1696 | 0 | 0 | 49964.1696 | 0 | 0 | 0 | 0 | 0 | 0 | 0 | 0 | 0 | 0 | 0 | 0 | 31307.7765453376 | 0 | 3587.99503022508 | 0 | 34895.7715755627 | 34895.7715755627 
0000882859| 20131406989 |KBPG|00313| 1131301 |HELP Day Care Corporation|HELP I|515 Blake Avenue|Brooklyn| 11207 |Brooklyn 11207|No| 1 |Dual|3/24/1900 |12:00:00 AM | 0 | 23 | 45 | 16 | 10 | 19 | 6 | 35 | 0 | 0 | 0 | 0 | 0 | 0 | 0 | 0 | 0 | 1116245.76 | 1116245.76 | 0 | 1116245.76 | 97894.4184 | 20254.0176 | 118148.436 | 553001.5016 | 0 | 445095.8224 | 0 | 0 | 0 | 0 | 0 | 0 | 0 | 0 | 0 | 0 | 0 | 0 | 0 | 0 | 0 | 0 | 0 | 0 | 97894.4184 | 20254.0176 | 0 | 0 | 118148.436 | 553001.5016 | 0 | 553001.5016 | 138250.3754 | 97894.4184 | 0 | 0 | 0 | 97894.4184 | 40355.957 | 0 | 0 | 31962.9368711683 | 0 | 1454.46857363344 | 40355.957 | 73773.3624448017 | 80159.1274598071 
0000882859| 20131406989 |XANU|00313| 1131302 |HELP Day Care Corporation|HELP II|285 East 171 Street|Bronx| 10457 |Bronx 10457|No| 1 |Dual|2/3/1900 |1/9/1900 | 8 | 10 | 19 | 6 | 4 | 8 | 3 | 15 | 0 | 0 | 0 | 0 | 0 | 0 | 0 | 190191.04 | 182483 | 465010.7 | 837684.74 | 0 | 837684.74 | 40500.0486 | 10125.01215 | 50625.06075 | 233934.5314 | 0 | 553125.14785 | 0 | 0 | 0 | 0 | 0 | 0 | 0 | 0 | 0 | 0 | 0 | 0 | 0 | 0 | 0 | 0 | 0 | 0 | 40500.0486 | 10125.01215 | 0 | 0 | 50625.06075 | 233934.5314 | 0 | 233934.5314 | 58483.63285 | 40500.0486 | 0 | 0 | 0 | 40500.0486 | 17983.58425 | 13657.8774705252 | 13104.3526259378 | 12958.4396848339 | 0 | 727.090904662379 | 17983.58425 | 58431.3449359593 | 60155.2814362272 
0000839553| 20131407010 |XAKR|00589| 1158901 |Homes for the Homeless|Prospect Early Childhood Center|730 Kelly St|Bronx| 10455 |Bronx 10455|No| 3 |Child Care|1/19/1900 |12:00:00 AM | 0 | 0 | 0 | 20 | 0 | 0 | 8 | 8 | 0 | 0 | 0 | 0 | 0 | 0 | 0 | 0 | 0 | 231398.4 | 231398.4 | 0 | 231398.4 | 0 | 23512.5504 | 23512.5504 | 0 | 0 | 207885.8496 | 0 | 0 | 0 | 0 | 0 | 0 | 0 | 0 | 0 | 0 | 0 | 0 | 0 | 0 | 0 | 0 | 0 | 0 | 0 | 23512.5504 | 0 | 0 | 23512.5504 | 0 | 0 | 0 | 0 | 0 | 0 | 0 | 0 | 0 | 0 | 0 | 0 | 14928.5658340836 | 0 | 1688.46824951768 | 0 | 16617.0340836013 | 16617.0340836013 
0000839553| 20131407010 |QAMU|00589| 1158902 |Homes for the Homeless|Saratoga Early Childhood Education Center|175-15 Rockaway Blvd|Queens| 11434 |Queens 11434|No| 3 |Child Care|2/3/1900 |12:00:00 AM | 0 | 0 | 0 | 35 | 0 | 0 | 15 | 15 | 0 | 0 | 0 | 0 | 0 | 0 | 0 | 0 | 0 | 404947.2 | 404947.2 | 0 | 404947.2 | 0 | 44086.032 | 44086.032 | 0 | 0 | 360861.168 | 0 | 0 | 0 | 0 | 0 | 0 | 0 | 0 | 0 | 0 | 0 | 0 | 0 | 0 | 0 | 0 | 0 | 0 | 0 | 44086.032 | 0 | 0 | 44086.032 | 0 | 0 | 0 | 0 | 0 | 0 | 0 | 0 | 0 | 0 | 0 | 0 | 25913.9316784566 | 0 | 3165.87796784566 | 0 | 29079.8096463022 | 29079.8096463022 
0000938968| 20131406889 |MASJ|00594| 1159401 |Children's Aid Society|Dunlevy Milbank Campus|14-32 West 118th Street|Manhattan| 10026 |Manhattan 10026|No| 3 |Child Care|1/14/1900 |12:00:00 AM | 0 | 0 | 0 | 15 | 0 | 0 | 6 | 6 | 0 | 0 | 0 | 0 | 0 | 0 | 0 | 0 | 0 | 173548.8 | 173548.8 | 0 | 173548.8 | 0 | 17634.4128 | 17634.4128 | 0 | 0 | 155914.3872 | 0 | 0 | 0 | 0 | 0 | 0 | 0 | 0 | 0 | 0 | 0 | 0 | 0 | 0 | 0 | 0 | 0 | 0 | 0 | 17634.4128 | 0 | 0 | 17634.4128 | 0 | 0 | 0 | 0 | 0 | 0 | 0 | 0 | 0 | 0 | 0 | 0 | 11196.4243755627 | 0 | 1266.35118713826 | 0 | 12462.775562701 | 12462.775562701 
0000470107| 20131408763 |QBCC|00372| 1337201 |Rochdale Village Nursery School|Rochdale Village Nursery School, Inc.|170-30 130th Avenue|Queens| 11434 |Queens 11434|No| 3 |Child Care|2/3/1900 |1/14/1900 | 0 | 0 | 0 | 35 | 0 | 0 | 15 | 15 | 0 | 0 | 0 | 0 | 0 | 0 | 0 | 0 | 247079.1 | 404947.2 | 652026.3 | 0 | 652026.3 | 0 | 44086.032 | 44086.032 | 0 | 0 | 607940.268 | 0 | 0 | 0 | 0 | 0 | 0 | 0 | 0 | 0 | 0 | 0 | 0 | 0 | 0 | 0 | 0 | 0 | 0 | 0 | 44086.032 | 0 | 0 | 44086.032 | 0 | 0 | 0 | 0 | 0 | 0 | 0 | 0 | 0 | 0 | 0 | 17743.0864951769 | 25913.9316784566 | 0 | 3165.87796784566 | 0 | 46822.8961414791 | 46822.8961414791 
0000462421| 20131406946 |QAMT|00592| 1359201 |Hebrew Kindergarten & Infants Home|Ralph Hirschkorn|310 Beach 20th St|Queens| 11691 |Queens 11691|No| 3 |Child Care|4/4/1900 |12:00:00 AM | 0 | 0 | 0 | 95 | 0 | 0 | 40 | 40 | 0 | 0 | 0 | 0 | 0 | 0 | 0 | 0 | 0 | 1099142.4 | 1099142.4 | 0 | 1099142.4 | 0 | 117562.752 | 117562.752 | 0 | 0 | 981579.648 | 0 | 0 | 0 | 0 | 0 | 0 | 0 | 0 | 0 | 0 | 0 | 0 | 0 | 0 | 0 | 0 | 0 | 0 | 0 | 117562.752 | 0 | 0 | 117562.752 | 0 | 0 | 0 | 0 | 0 | 0 | 0 | 0 | 0 | 0 | 0 | 0 | 70488.5706495177 | 0 | 8442.34124758842 | 0 | 78930.9118971061 | 78930.9118971061 
0000761783| 20131406839 |FNCMS|00920| 1495243 |Cardinal McCloskey School and Home for Children|Cardinal McCloskey Services - FCC|404 East 152nd Street|Bronx| 10453 |Bronx 10453|No| 4 |FCCN|12:00:00 AM |12:00:00 AM | 0 | 0 | 0 | 0 | 0 | 0 | 0 | 0 | 60 | 135 | 105 | 60 | 135 | 105 | 600 | 0 | 0 | 0 | 5692998 | 0 | 5692998 | 0 | 0 | 0 | 0 | 0 | 0 | 4853550 | 839448 | 0 | 0 | 0 | 0 | 0 | 0 | 0 | 0 | 0 | 0 | 0 | 0 | 0 | 0 | 0 | 0 | 0 | 0 | 0 | 0 | 0 | 0 | 0 | 0 | 0 | 0 | 0 | 0 | 0 | 0 | 0 | 0 | 0 | 0 | 60281.9035369775 | 0 | 0 | 60281.9035369775 | 60281.9035369775 
0000939109| 20131406926 |FNESS|00087| 1495845 |Sheltering Arms Children & Family Services|Sheltering Arms Learning Center|2493 Adam Clayton Powell Jr. Blvd|Bronx| 10456 |Bronx 10456|Yes| 4 |FCCN|12:00:00 AM |12:00:00 AM | 0 | 0 | 0 | 0 | 0 | 0 | 0 | 0 | 87 | 113 | 100 | 88 | 112 | 100 | 600 | 0 | 0 | 0 | 5643113.2 | 0 | 5643113.2 | 0 | 0 | 0 | 0 | 0 | 0 | 4803665.2 | 839448 | 0 | 0 | 0 | 0 | 0 | 0 | 0 | 0 | 0 | 0 | 0 | 0 | 0 | 0 | 0 | 0 | 0 | 0 | 0 | 0 | 0 | 0 | 0 | 0 | 0 | 0 | 0 | 0 | 0 | 0 | 0 | 0 | 0 | 0 | 60281.9035369775 | 0 | 0 | 60281.9035369775 | 60281.9035369775 
0001397370| 20131406920 |XAFP|00036| 1570701 |East Side House Settlement|Mill Brook|201 St. Ann Avenue|Bronx| 10454 |Bronx 10454|No| 2 |Head Start|1/24/1900 |12:00:00 AM | 0 | 0 | 25 | 0 | 0 | 10 | 0 | 10 | 0 | 0 | 0 | 0 | 0 | 0 | 0 | 0 | 0 | 353634.5 | 353634.5 | 0 | 353634.5 | 44916.305625 | 0 | 44916.305625 | 308718.194375 | 0 | 0 | 0 | 0 | 0 | 0 | 0 | 0 | 0 | 0 | 0 | 0 | 0 | 0 | 0 | 0 | 0 | 0 | 0 | 0 | 44916.305625 | 0 | 0 | 0 | 44916.305625 | 308718.194375 | 0 | 308718.194375 | 77179.54859375 | 44916.305625 | 0 | 0 | 0 | 44916.305625 | 32263.24296875 | 0 | 0 | 0 | 0 | 0 | 32263.24296875 | 32263.24296875 | 25394.974812433 
0001397370| 20131406920 |XAMT|00036| 1570702 |East Side House Settlement|Mott Haven|375 East 143rd Street|Bronx| 10454 |Bronx 10454|No| 2 |Head Start|3/14/1900 |12:00:00 AM | 0 | 0 | 74 | 0 | 0 | 31 | 0 | 31 | 0 | 0 | 0 | 0 | 0 | 0 | 0 | 0 | 0 | 1046758.12 | 1046758.12 | 0 | 1046758.12 | 139240.5474375 | 0 | 139240.5474375 | 907517.5725625 | 0 | 0 | 0 | 0 | 0 | 0 | 0 | 0 | 0 | 0 | 0 | 0 | 0 | 0 | 0 | 0 | 0 | 0 | 0 | 0 | 139240.5474375 | 0 | 0 | 0 | 139240.5474375 | 907517.5725625 | 0 | 907517.5725625 | 226879.393140625 | 139240.5474375 | 0 | 0 | 0 | 139240.5474375 | 87638.845703125 | 0 | 0 | 0 | 0 | 0 | 87638.845703125 | 87638.845703125 | 75169.1254448017 
0001397370| 20131406920 |XAMW|00036| 1570703 |East Side House Settlement|Winifred Wheeler|200 Alexander Avenue|Bronx| 10454 |Bronx 10454|No| 1 |Dual|2/3/1900 |1/19/1900 | 0 | 10 | 19 | 6 | 4 | 8 | 3 | 15 | 0 | 0 | 0 | 0 | 0 | 0 | 0 | 0 | 361822 | 465010.7 | 826832.7 | 0 | 826832.7 | 40500.0486 | 10125.01215 | 50625.06075 | 233934.5314 | 0 | 542273.10785 | 0 | 0 | 0 | 0 | 0 | 0 | 0 | 0 | 0 | 0 | 0 | 0 | 0 | 0 | 0 | 0 | 0 | 0 | 40500.0486 | 10125.01215 | 0 | 0 | 50625.06075 | 233934.5314 | 0 | 233934.5314 | 58483.63285 | 40500.0486 | 0 | 0 | 0 | 40500.0486 | 17983.58425 | 0 | 25982.9303322615 | 12958.4396848339 | 0 | 727.090904662379 | 17983.58425 | 57652.0451717578 | 59375.9816720257 
0000786810|20131406922|XANH|00811| 1570801 |East Tremont Head Start Alumni DCC|Paul T. Matson Head Start 1|1951 Washington Avenue|Bronx| 10457 |Bronx 10457|No| 2 |Head Start|2/28/1900 |12:00:00 AM | 0 | 0 | 60 | 0 | 0 | 25 | 0 | 25 | 0 | 0 | 0 | 0 | 0 | 0 | 0 | 0 | 0 | 848722.8 | 848722.8 | 0 | 848722.8 | 112290.7640625 | 0 | 112290.7640625 | 736432.0359375 | 0 | 0 | 0 | 0 | 0 | 0 | 0 | 0 | 0 | 0 | 0 | 0 | 0 | 0 | 0 | 0 | 0 | 0 | 0 | 0 | 112290.7640625 | 0 | 0 | 0 | 112290.7640625 | 736432.0359375 | 0 | 736432.0359375 | 184108.008984375 | 112290.7640625 | 0 | 0 | 0 | 112290.7640625 | 71817.244921875 | 0 | 0 | 0 | 0 | 0 | 71817.244921875 | 71817.244921875 | 60947.9395498392 
0000786810|20131406922|XAQV|00811| 1570803 |East Tremont Head Start Alumni DCC|Paul T. Matson Head Start 2|2431 Morris Avenue|Bronx| 10468 |Bronx 10468|No| 2 |Head Start|2/17/1900 |12:00:00 AM | 0 | 0 | 49 | 0 | 0 | 20 | 0 | 20 | 0 | 0 | 0 | 0 | 0 | 0 | 0 | 0 | 0 | 693123.62 | 693123.62 | 0 | 693123.62 | 89832.61125 | 0 | 89832.61125 | 603291.00875 | 0 | 0 | 0 | 0 | 0 | 0 | 0 | 0 | 0 | 0 | 0 | 0 | 0 | 0 | 0 | 0 | 0 | 0 | 0 | 0 | 89832.61125 | 0 | 0 | 0 | 89832.61125 | 603291.00875 | 0 | 603291.00875 | 150822.7521875 | 89832.61125 | 0 | 0 | 0 | 89832.61125 | 60990.1409375 | 0 | 0 | 0 | 0 | 0 | 60990.1409375 | 60990.1409375 | 49774.1506323687 
0000812663| 20131406994 |XAKA|00817| 1570901 |La Peninsula Community Organization|Intervale (Center #2)|1054 Intervale Avenue|Bronx| 10459 |Bronx 10459|Yes| 2 |Head Start|4/15/1900 |12:00:00 AM | 0 | 0 | 106 | 0 | 0 | 44 | 0 | 44 | 0 | 0 | 0 | 0 | 0 | 0 | 0 | 0 | 0 | 1400819.68 | 1400819.68 | 36381.32 | 1437201 | 184636.881 | 0 | 184636.881 | 1216182.799 | 0 | 0 | 0 | 0 | 0 | 0 | 3242.25 | 3242.25 | 0 | 0 | 0 | 0 | 0 | 0 | 33139.07 | 33139.07 | 0 | 0 | 0 | 0 | 184636.881 | 0 | 3242.25 | 0 | 187879.131 | 1216182.799 | 33139.07 | 1249321.869 | 312330.46725 | 184636.881 | 0 | 3242.25 | 0 | 187879.131 | 124451.33625 | 0 | 0 | 0 | 0 | 0 | 124451.33625 | 124451.33625 | 100594.768017149 
0000812663| 20131406994 |XAGF|00817| 1570902 |La Peninsula Community Organization|Manida (Center #1)|711 Manida street|Bronx| 10474 |Bronx 10474|Yes| 2 |Head Start|5/2/1900 |12:00:00 AM | 0 | 0 | 123 | 0 | 0 | 51 | 0 | 51 | 0 | 0 | 0 | 0 | 0 | 0 | 0 | 0 | 0 | 1625479.44 | 1625479.44 | 46083.18 | 1671562.62 | 214010.93025 | 0 | 214010.93025 | 1411468.50975 | 0 | 0 | 0 | 0 | 0 | 0 | 4102.3125 | 4102.3125 | 0 | 0 | 0 | 0 | 0 | 0 | 41980.8675 | 41980.8675 | 0 | 0 | 0 | 0 | 214010.93025 | 0 | 4102.3125 | 0 | 218113.24275 | 1411468.50975 | 41980.8675 | 1453449.37725 | 363362.3443125 | 214010.93025 | 0 | 4102.3125 | 0 | 218113.24275 | 145249.1015625 | 0 | 0 | 0 | 0 | 0 | 145249.1015625 | 145249.1015625 | 116727.891189711 
0000784047| 20131407183 |XANA|00824| 1571201 |South Bronx Head Start|South Bronx Head Start I|490 East 143rd Street|Bronx| 10454 |Bronx 10454|No| 2 |Head Start|2/21/1900 |12:00:00 AM | 0 | 0 | 53 | 0 | 0 | 22 | 0 | 22 | 0 | 0 | 0 | 0 | 0 | 0 | 0 | 0 | 0 | 744845.04 | 744845.04 | 0 | 744845.04 | 98175.2805 | 0 | 98175.2805 | 646669.7595 | 0 | 0 | 0 | 0 | 0 | 0 | 0 | 0 | 0 | 0 | 0 | 0 | 0 | 0 | 0 | 0 | 0 | 0 | 0 | 0 | 98175.2805 | 0 | 0 | 0 | 98175.2805 | 646669.7595 | 0 | 646669.7595 | 161667.439875 | 98175.2805 | 0 | 0 | 0 | 98175.2805 | 63492.159375 | 0 | 0 | 0 | 0 | 0 | 63492.159375 | 63492.159375 | 53488.3362057878 
0000784047| 20131407183 |XAOB|00824| 1571202 |South Bronx Head Start|South Bronx Head Start II|141 Featherbed Lane|Bronx| 10452 |Bronx 10452|No| 2 |Head Start|3/6/1900 |12:00:00 AM | 0 | 0 | 66 | 0 | 0 | 27 | 0 | 27 | 0 | 0 | 0 | 0 | 0 | 0 | 0 | 0 | 0 | 920107.32 | 920107.32 | 0 | 920107.32 | 119521.9648125 | 0 | 119521.9648125 | 800585.3551875 | 0 | 0 | 0 | 0 | 0 | 0 | 0 | 0 | 0 | 0 | 0 | 0 | 0 | 0 | 0 | 0 | 0 | 0 | 0 | 0 | 119521.9648125 | 0 | 0 | 0 | 119521.9648125 | 800585.3551875 | 0 | 800585.3551875 | 200146.338796875 | 119521.9648125 | 0 | 0 | 0 | 119521.9648125 | 80624.373984375 | 0 | 0 | 0 | 0 | 0 | 80624.373984375 | 80624.373984375 | 66074.1590996785 
0000784047| 20131407183 |SOBR1|00824| 1571203 |South Bronx Head Start|South Bronx Head Start III|1458 Webster Avenue|Bronx| 10456 |Bronx 10456|No| 3 |Child Care|3/17/1900 |12:00:00 AM | 0 | 0 | 0 | 77 | 0 | 0 | 32 | 32 | 0 | 0 | 0 | 0 | 0 | 0 | 0 | 0 | 0 | 890480.36 | 890480.36 | 0 | 890480.36 | 0 | 94007.6064 | 94007.6064 | 0 | 0 | 796472.7536 | 0 | 0 | 0 | 0 | 0 | 0 | 0 | 0 | 0 | 0 | 0 | 0 | 0 | 0 | 0 | 0 | 0 | 0 | 0 | 94007.6064 | 0 | 0 | 94007.6064 | 0 | 0 | 0 | 0 | 0 | 0 | 0 | 0 | 0 | 0 | 0 | 0 | 57195.7925950697 | 0 | 6750.81417877814 | 0 | 63946.6067738478 | 63946.6067738478 
0000779337| 20131407209 |XARM|00827| 1571301 |Trabajamos Community Head Start|Trabajamos Community Head Start, Inc. Center #1|940 East 156 Street|Bronx| 10455 |Bronx 10455|No| 1 |Dual|1/25/1900 |12:00:00 AM | 0 | 6 | 15 | 5 | 3 | 6 | 2 | 11 | 0 | 0 | 0 | 0 | 0 | 0 | 0 | 0 | 0 | 345436.52 | 345436.52 | 0 | 345436.52 | 30375.03645 | 6750.0081 | 37125.04455 | 183800.18355 | 0 | 124511.2919 | 0 | 0 | 0 | 0 | 0 | 0 | 0 | 0 | 0 | 0 | 0 | 0 | 0 | 0 | 0 | 0 | 0 | 0 | 30375.03645 | 6750.0081 | 0 | 0 | 37125.04455 | 183800.18355 | 0 | 183800.18355 | 45950.0458875 | 30375.03645 | 0 | 0 | 0 | 30375.03645 | 15575.0094375 | 0 | 0 | 8941.32535616291 | 0 | 484.72726977492 | 15575.0094375 | 25001.0620634378 | 24806.2667095391 
0000779337| 20131407209 |XARN|00827| 1571302 |Trabajamos Community Head Start|Trabajamos Community Head Start, Inc. Center #2|1905 Morris avenue|Bronx| 10453 |Bronx 10453|No| 1 |Dual|2/18/1900 |12:00:00 AM | 0 | 14 | 26 | 10 | 6 | 11 | 4 | 21 | 0 | 0 | 0 | 0 | 0 | 0 | 0 | 0 | 0 | 664301 | 664301 | 0 | 664301 | 57375.06885 | 13500.0162 | 70875.08505 | 319984.93115 | 0 | 273440.9838 | 0 | 0 | 0 | 0 | 0 | 0 | 0 | 0 | 0 | 0 | 0 | 0 | 0 | 0 | 0 | 0 | 0 | 0 | 57375.06885 | 13500.0162 | 0 | 0 | 70875.08505 | 319984.93115 | 0 | 319984.93115 | 79996.2327875 | 57375.06885 | 0 | 0 | 0 | 57375.06885 | 22621.1639375 | 0 | 0 | 19636.1692546624 | 0 | 969.454539549839 | 22621.1639375 | 43226.7877317122 | 47704.359056806 
0000786810|20131406922|XAFR|00811| 1571702 |East Tremont Head Start Alumni DCC|Paul T. Matson Head Start 4|1780 Story Avenue|Bronx| 10473 |Bronx 10473|No| 2 |Head Start|1/27/1900 |12:00:00 AM | 0 | 0 | 28 | 0 | 0 | 12 | 0 | 12 | 0 | 0 | 0 | 0 | 0 | 0 | 0 | 0 | 0 | 396070.64 | 396070.64 | 0 | 396070.64 | 53899.56675 | 0 | 53899.56675 | 342171.07325 | 0 | 0 | 0 | 0 | 0 | 0 | 0 | 0 | 0 | 0 | 0 | 0 | 0 | 0 | 0 | 0 | 0 | 0 | 0 | 0 | 53899.56675 | 0 | 0 | 0 | 53899.56675 | 342171.07325 | 0 | 342171.07325 | 85542.7683125 | 53899.56675 | 0 | 0 | 0 | 53899.56675 | 31643.2015625 | 0 | 0 | 0 | 0 | 0 | 31643.2015625 | 31643.2015625 | 28442.371789925 
0000940999| 20131407172 |KAWX|00329| 1572209 |Police Athletic League|PAL World of Creative Experiences Head Start|280 Livonia Ave|Brooklyn| 11212 |Brooklyn 11212|No| 2 |Head Start|7/3/1900 |12:00:00 AM | 0 | 0 | 185 | 0 | 0 | 77 | 0 | 77 | 0 | 0 | 0 | 0 | 0 | 0 | 0 | 0 | 0 | 2616895.3 | 2616895.3 | 0 | 2616895.3 | 345855.5533125 | 0 | 345855.5533125 | 2271039.7466875 | 0 | 0 | 0 | 0 | 0 | 0 | 0 | 0 | 0 | 0 | 0 | 0 | 0 | 0 | 0 | 0 | 0 | 0 | 0 | 0 | 345855.5533125 | 0 | 0 | 0 | 345855.5533125 | 2271039.7466875 | 0 | 2271039.7466875 | 567759.936671875 | 345855.5533125 | 0 | 0 | 0 | 345855.5533125 | 221904.383359375 | 0 | 0 | 0 | 0 | 0 | 221904.383359375 | 221904.383359375 | 187922.813612004 
0000476869| 20131406898 |KBNP|00809| 1573801 |Community Parents|Community Parents Head Start|90 Chauncey Street|Brooklyn| 11233 |Brooklyn 11233|No| 2 |Head Start|2/23/1900 |12:00:00 AM | 0 | 0 | 55 | 0 | 0 | 23 | 0 | 23 | 0 | 0 | 0 | 0 | 0 | 0 | 0 | 0 | 0 | 777707.7 | 777707.7 | 0 | 777707.7 | 103269.2338125 | 0 | 103269.2338125 | 674438.4661875 | 0 | 0 | 0 | 0 | 0 | 0 | 0 | 0 | 0 | 0 | 0 | 0 | 0 | 0 | 0 | 0 | 0 | 0 | 0 | 0 | 103269.2338125 | 0 | 0 | 0 | 103269.2338125 | 674438.4661875 | 0 | 674438.4661875 | 168609.616546875 | 103269.2338125 | 0 | 0 | 0 | 103269.2338125 | 65340.382734375 | 0 | 0 | 0 | 0 | 0 | 65340.382734375 | 65340.382734375 | 55848.2485530547 
0000462998| 20131407175 |KBPI|00082| 1575001 |Recreation Rooms and Settlement|Breukelen Head Start|715 East 105th Street|Brooklyn| 11236 |Brooklyn 11236|No| 2 |Head Start|2/2/1900 |12:00:00 AM | 0 | 0 | 34 | 0 | 0 | 14 | 0 | 14 | 0 | 0 | 0 | 0 | 0 | 0 | 0 | 0 | 0 | 480942.92 | 480942.92 | 0 | 480942.92 | 62882.827875 | 0 | 62882.827875 | 418060.092125 | 0 | 0 | 0 | 0 | 0 | 0 | 0 | 0 | 0 | 0 | 0 | 0 | 0 | 0 | 0 | 0 | 0 | 0 | 0 | 0 | 62882.827875 | 0 | 0 | 0 | 62882.827875 | 418060.092125 | 0 | 418060.092125 | 104515.02303125 | 62882.827875 | 0 | 0 | 0 | 62882.827875 | 41632.19515625 | 0 | 0 | 0 | 0 | 0 | 41632.19515625 | 41632.19515625 | 34537.1657449089 
0000781241| 20131406814 |MAUZ|00806| 1575201 |Bloomingdale Family Program|Bloomingdale Family Program 1|125 West 109th Street|Manhattan| 10025 |Manhattan 10025|No| 2 |Head Start|1/28/1900 |12:00:00 AM | 0 | 0 | 29 | 0 | 0 | 12 | 0 | 12 | 0 | 0 | 0 | 0 | 0 | 0 | 0 | 0 | 0 | 410216.02 | 410216.02 | 0 | 410216.02 | 53899.56675 | 0 | 53899.56675 | 356316.45325 | 0 | 0 | 0 | 0 | 0 | 0 | 0 | 0 | 0 | 0 | 0 | 0 | 0 | 0 | 0 | 0 | 0 | 0 | 0 | 0 | 53899.56675 | 0 | 0 | 0 | 53899.56675 | 356316.45325 | 0 | 356316.45325 | 89079.1133125 | 53899.56675 | 0 | 0 | 0 | 53899.56675 | 35179.5465625 | 0 | 0 | 0 | 0 | 0 | 35179.5465625 | 35179.5465625 | 29458.1707824223 
0000781241| 20131406814 |BLOO1|00806| 1575204 |Bloomingdale Family Program|Project Growth|171 West 107th Street|Manhattan| 10025 |Manhattan 10025|No| 3 |Child Care|1/29/1900 |1/9/1900 | 0 | 0 | 0 | 30 | 0 | 0 | 12 | 12 | 0 | 0 | 0 | 0 | 0 | 0 | 0 | 0 | 180465.6 | 347097.6 | 527563.2 | 0 | 527563.2 | 0 | 35268.8256 | 35268.8256 | 0 | 0 | 492294.3744 | 0 | 0 | 0 | 0 | 0 | 0 | 0 | 0 | 0 | 0 | 0 | 0 | 0 | 0 | 0 | 0 | 0 | 0 | 0 | 35268.8256 | 0 | 0 | 35268.8256 | 0 | 0 | 0 | 0 | 0 | 0 | 0 | 0 | 0 | 0 | 0 | 12959.4803858521 | 22392.8487511254 | 0 | 2532.70237427653 | 0 | 37885.031511254 | 37885.031511254 
0000460783| 20131407206 |MAQI|00610| 1575401 |The Child Center of NY|The Child Center of NY 3|169 West 87th Street|Manhattan| 10024 |Manhattan 10024|Yes| 2 |Head Start|2/15/1900 |12:00:00 AM | 0 | 0 | 47 | 0 | 0 | 20 | 0 | 20 | 0 | 0 | 0 | 0 | 0 | 0 | 0 | 0 | 0 | 621118.16 | 621118.16 | 101959.92 | 723078.08 | 83925.855 | 0 | 83925.855 | 537192.305 | 0 | 0 | 0 | 0 | 0 | 0 | 9315 | 9315 | 0 | 0 | 0 | 0 | 0 | 0 | 92644.92 | 92644.92 | 0 | 0 | 0 | 0 | 83925.855 | 0 | 9315 | 0 | 93240.855 | 537192.305 | 92644.92 | 629837.225 | 157459.30625 | 83925.855 | 0 | 9315 | 0 | 93240.855 | 64218.45125 | 0 | 0 | 0 | 0 | 0 | 64218.45125 | 64218.45125 | 44603.3405359057 
0000527130| 20131406928 |KATZ|00820| 1575602 |National Association of Family Development Center|Neptune Avenue Head Start|293 Neptune Avenue|Brooklyn| 11235 |Brooklyn 11235|No| 2 |Head Start|6/25/1900 |12:00:00 AM | 0 | 0 | 177 | 0 | 0 | 74 | 0 | 74 | 0 | 0 | 0 | 0 | 0 | 0 | 0 | 0 | 0 | 2503732.26 | 2503732.26 | 0 | 2503732.26 | 332380.661625 | 0 | 332380.661625 | 2171351.598375 | 0 | 0 | 0 | 0 | 0 | 0 | 0 | 0 | 0 | 0 | 0 | 0 | 0 | 0 | 0 | 0 | 0 | 0 | 0 | 0 | 332380.661625 | 0 | 0 | 0 | 332380.661625 | 2171351.598375 | 0 | 2171351.598375 | 542837.89959375 | 332380.661625 | 0 | 0 | 0 | 332380.661625 | 210457.23796875 | 0 | 0 | 0 | 0 | 0 | 210457.23796875 | 210457.23796875 | 179796.421672026 
0000527130| 20131406928 |KASR|00820| 1575603 |National Association of Family Development Center|Glennwood Avenue Head Start|3017 Glenwood Avenue|Brooklyn| 11210 |Brooklyn 11210|No| 2 |Head Start|4/29/1900 |12:00:00 AM | 0 | 0 | 120 | 0 | 0 | 50 | 0 | 50 | 0 | 0 | 0 | 0 | 0 | 0 | 0 | 0 | 0 | 1697445.6 | 1697445.6 | 0 | 1697445.6 | 224581.528125 | 0 | 224581.528125 | 1472864.071875 | 0 | 0 | 0 | 0 | 0 | 0 | 0 | 0 | 0 | 0 | 0 | 0 | 0 | 0 | 0 | 0 | 0 | 0 | 0 | 0 | 224581.528125 | 0 | 0 | 0 | 224581.528125 | 1472864.071875 | 0 | 1472864.071875 | 368216.01796875 | 224581.528125 | 0 | 0 | 0 | 224581.528125 | 143634.48984375 | 0 | 0 | 0 | 0 | 0 | 143634.48984375 | 143634.48984375 | 121895.879099678 
0000527130| 20131406928 |KBQP|00820| 1575611 |National Association of Family Development Center|Shore Parkway Head Start|8885 26th Avenue|Brooklyn| 11214 |Brooklyn 11214|No| 2 |Head Start|3/2/1900 |12:00:00 AM | 0 | 0 | 62 | 0 | 0 | 26 | 0 | 26 | 0 | 0 | 0 | 0 | 0 | 0 | 0 | 0 | 0 | 877013.56 | 877013.56 | 0 | 877013.56 | 116782.394625 | 0 | 116782.394625 | 760231.165375 | 0 | 0 | 0 | 0 | 0 | 0 | 0 | 0 | 0 | 0 | 0 | 0 | 0 | 0 | 0 | 0 | 0 | 0 | 0 | 0 | 116782.394625 | 0 | 0 | 0 | 116782.394625 | 760231.165375 | 0 | 760231.165375 | 190057.79134375 | 116782.394625 | 0 | 0 | 0 | 116782.394625 | 73275.39671875 | 0 | 0 | 0 | 0 | 0 | 73275.39671875 | 73275.39671875 | 62979.5375348339 
0001444724| 20131406978 |MAUB|00099| 1575701 |University Settlement Society of New York|University Settlement ECC|184 Eldridge Street|Manhattan| 10002 |Manhattan 10002|No| 1 |Dual|5/26/1900 |12:00:00 AM | 0 | 44 | 74 | 29 | 18 | 31 | 12 | 61 | 0 | 0 | 0 | 0 | 0 | 0 | 0 | 0 | 0 | 1953430.08 | 1953430.08 | 0 | 1953430.08 | 165407.8104 | 40508.0352 | 205915.8456 | 915990.9096 | 0 | 831523.3248 | 0 | 0 | 0 | 0 | 0 | 0 | 0 | 0 | 0 | 0 | 0 | 0 | 0 | 0 | 0 | 0 | 0 | 0 | 165407.8104 | 40508.0352 | 0 | 0 | 205915.8456 | 915990.9096 | 0 | 915990.9096 | 228997.7274 | 165407.8104 | 0 | 0 | 0 | 165407.8104 | 63589.917 | 0 | 0 | 59712.8218237942 | 0 | 2908.93714726688 | 63589.917 | 126211.675971061 | 140278.473054662 
0000938968| 20131406889 |MAVK|00594| 1576001 |Children's Aid Society|Frederick Douglass Center|885 Columbus Avenue|Manhattan| 10025 |Manhattan 10025|No| 1 |Dual|3/9/1900 |12:00:00 AM | 0 | 18 | 37 | 14 | 8 | 16 | 5 | 29 | 0 | 0 | 0 | 0 | 0 | 0 | 0 | 0 | 0 | 916735.38 | 916735.38 | 0 | 916735.38 | 81000.0972 | 16875.02025 | 97875.11745 | 452429.4028 | 0 | 366430.85975 | 0 | 0 | 0 | 0 | 0 | 0 | 0 | 0 | 0 | 0 | 0 | 0 | 0 | 0 | 0 | 0 | 0 | 0 | 81000.0972 | 16875.02025 | 0 | 0 | 97875.11745 | 452429.4028 | 0 | 452429.4028 | 113107.3507 | 81000.0972 | 0 | 0 | 0 | 81000.0972 | 32107.2535 | 0 | 0 | 26313.8988244909 | 0 | 1211.8181744373 | 32107.2535 | 59632.9704989282 | 65832.0154983923 
0000938968| 20131406889 |MASK|00594| 1576002 |Children's Aid Society|East Harlem Center|130 East 101st Street|Manhattan| 10029 |Manhattan 10029|No| 2 |Head Start|1/27/1900 |12:00:00 AM | 0 | 0 | 28 | 0 | 0 | 12 | 0 | 12 | 0 | 0 | 0 | 0 | 0 | 0 | 0 | 0 | 0 | 396070.64 | 396070.64 | 0 | 396070.64 | 53899.56675 | 0 | 53899.56675 | 342171.07325 | 0 | 0 | 0 | 0 | 0 | 0 | 0 | 0 | 0 | 0 | 0 | 0 | 0 | 0 | 0 | 0 | 0 | 0 | 0 | 0 | 53899.56675 | 0 | 0 | 0 | 53899.56675 | 342171.07325 | 0 | 342171.07325 | 85542.7683125 | 53899.56675 | 0 | 0 | 0 | 53899.56675 | 31643.2015625 | 0 | 0 | 0 | 0 | 0 | 31643.2015625 | 31643.2015625 | 28442.371789925 
0000938968| 20131406889 |MAZQ|00594| 1576003 |Children's Aid Society|P.S. 5|3703 10th Avenue|Manhattan| 10034 |Manhattan 10034|No| 2 |Head Start|3/9/1900 |12:00:00 AM | 0 | 0 | 69 | 0 | 0 | 29 | 0 | 29 | 0 | 0 | 0 | 0 | 0 | 0 | 0 | 0 | 0 | 976031.22 | 976031.22 | 0 | 976031.22 | 130257.2863125 | 0 | 130257.2863125 | 845773.9336875 | 0 | 0 | 0 | 0 | 0 | 0 | 0 | 0 | 0 | 0 | 0 | 0 | 0 | 0 | 0 | 0 | 0 | 0 | 0 | 0 | 130257.2863125 | 0 | 0 | 0 | 130257.2863125 | 845773.9336875 | 0 | 845773.9336875 | 211443.483421875 | 130257.2863125 | 0 | 0 | 0 | 130257.2863125 | 81186.197109375 | 0 | 0 | 0 | 0 | 0 | 81186.197109375 | 81186.197109375 | 70090.1304823151 
0000781850| 20131406699 |MATO|00810| 1576301 |Dewitt Reformed Church Head Start|Dewitt Reformed Church Head Start|280 Rivington St|Manhattan| 10002 |Manhattan 10002|No| 2 |Head Start|3/26/1900 |12:00:00 AM | 0 | 0 | 86 | 0 | 0 | 36 | 0 | 36 | 0 | 0 | 0 | 0 | 0 | 0 | 0 | 0 | 0 | 1216502.68 | 1216502.68 | 0 | 1216502.68 | 161698.70025 | 0 | 161698.70025 | 1054803.97975 | 0 | 0 | 0 | 0 | 0 | 0 | 0 | 0 | 0 | 0 | 0 | 0 | 0 | 0 | 0 | 0 | 0 | 0 | 0 | 0 | 161698.70025 | 0 | 0 | 0 | 161698.70025 | 1054803.97975 | 0 | 1054803.97975 | 263700.9949375 | 161698.70025 | 0 | 0 | 0 | 161698.70025 | 102002.2946875 | 0 | 0 | 0 | 0 | 0 | 102002.2946875 | 102002.2946875 | 87358.7133547696 
0000765363| 20131406984 |MASP|00045| 1576401 |Goddard Riverside Community Center|Goddard Riverside 4|70 West 95 Street|Manhattan| 10025 |Manhattan 10025|No| 2 |Head Start|1/31/1900 |12:00:00 AM | 0 | 0 | 32 | 0 | 0 | 13 | 0 | 13 | 0 | 0 | 0 | 0 | 0 | 0 | 0 | 0 | 0 | 452652.16 | 452652.16 | 0 | 452652.16 | 58391.1973125 | 0 | 58391.1973125 | 394260.9626875 | 0 | 0 | 0 | 0 | 0 | 0 | 0 | 0 | 0 | 0 | 0 | 0 | 0 | 0 | 0 | 0 | 0 | 0 | 0 | 0 | 58391.1973125 | 0 | 0 | 0 | 58391.1973125 | 394260.9626875 | 0 | 394260.9626875 | 98565.240671875 | 58391.1973125 | 0 | 0 | 0 | 58391.1973125 | 40174.043359375 | 0 | 0 | 0 | 0 | 0 | 40174.043359375 | 40174.043359375 | 32505.5677599143 
0000821676| 20131406924 |MAUA|00216| 1576601 |Educational Alliance|Education Alliance - E Broadway|197 E Broadway|Manhattan| 10002 |Manhattan 10002|No| 3 |Child Care|2/1/1900 |12:00:00 AM | 0 | 0 | 0 | 33 | 0 | 0 | 14 | 14 | 0 | 0 | 0 | 0 | 0 | 0 | 0 | 0 | 0 | 381807.36 | 381807.36 | 0 | 381807.36 | 0 | 41146.9632 | 41146.9632 | 0 | 0 | 340660.3968 | 0 | 0 | 0 | 0 | 0 | 0 | 0 | 0 | 0 | 0 | 0 | 0 | 0 | 0 | 0 | 0 | 0 | 0 | 0 | 41146.9632 | 0 | 0 | 41146.9632 | 0 | 0 | 0 | 0 | 0 | 0 | 0 | 0 | 0 | 0 | 0 | 0 | 24463.2868012862 | 0 | 2954.81943665595 | 0 | 27418.1062379421 | 27418.1062379421 
0000939225| 20131406985 |MATU|00046| 1576701 |Grand Street Settlement|Grand St Settlement Head Start Center|294 Delancy St|Manhattan| 10002 |Manhattan 10002|No| 2 |Head Start|3/14/1900 |12:00:00 AM | 0 | 0 | 74 | 0 | 0 | 31 | 0 | 31 | 0 | 0 | 0 | 0 | 0 | 0 | 0 | 0 | 0 | 1046758.12 | 1046758.12 | 0 | 1046758.12 | 139240.5474375 | 0 | 139240.5474375 | 907517.5725625 | 0 | 0 | 0 | 0 | 0 | 0 | 0 | 0 | 0 | 0 | 0 | 0 | 0 | 0 | 0 | 0 | 0 | 0 | 0 | 0 | 139240.5474375 | 0 | 0 | 0 | 139240.5474375 | 907517.5725625 | 0 | 907517.5725625 | 226879.393140625 | 139240.5474375 | 0 | 0 | 0 | 139240.5474375 | 87638.845703125 | 0 | 0 | 0 | 0 | 0 | 87638.845703125 | 87638.845703125 | 75169.1254448017 
0000776221| 20151402791 |MBBG|00029| 1579401 |Community Life Center Head Start|Community Life Center 2|15 Mt. Morris Park West|Manhattan| 10027 |Manhattan 10027|No| 2 |Head Start|4/25/1900 |12:00:00 AM | 0 | 0 | 116 | 0 | 0 | 48 | 0 | 48 | 0 | 0 | 0 | 0 | 0 | 0 | 0 | 0 | 0 | 1640864.08 | 1640864.08 | 0 | 1640864.08 | 215598.267 | 0 | 215598.267 | 1425265.813 | 0 | 0 | 0 | 0 | 0 | 0 | 0 | 0 | 0 | 0 | 0 | 0 | 0 | 0 | 0 | 0 | 0 | 0 | 0 | 0 | 215598.267 | 0 | 0 | 0 | 215598.267 | 1425265.813 | 0 | 1425265.813 | 356316.45325 | 215598.267 | 0 | 0 | 0 | 215598.267 | 140718.18625 | 0 | 0 | 0 | 0 | 0 | 140718.18625 | 140718.18625 | 117832.683129689 
0000901910| 20131406975 |MAXM|00821| 1579701 |Northern Manhattan Perinatal Partnership|Northern Manhattan Perinatal Partnership, Inc.|529-531 West 155th Street|Manhattan| 10032 |Manhattan 10032|No| 2 |Head Start|6/13/1900 |12:00:00 AM | 0 | 0 | 165 | 0 | 0 | 69 | 0 | 69 | 0 | 0 | 0 | 0 | 0 | 0 | 0 | 0 | 0 | 2333987.7 | 2333987.7 | 0 | 2333987.7 | 309922.5088125 | 0 | 309922.5088125 | 2024065.1911875 | 0 | 0 | 0 | 0 | 0 | 0 | 0 | 0 | 0 | 0 | 0 | 0 | 0 | 0 | 0 | 0 | 0 | 0 | 0 | 0 | 309922.5088125 | 0 | 0 | 0 | 309922.5088125 | 2024065.1911875 | 0 | 2024065.1911875 | 506016.297796875 | 309922.5088125 | 0 | 0 | 0 | 309922.5088125 | 196093.788984375 | 0 | 0 | 0 | 0 | 0 | 196093.788984375 | 196093.788984375 | 167606.833762058 
0000946138| 20131406919 |MAWG|00906| 1580303 |East Harlem Council for Human Services|East Harlem Council for Human Services, Inc. Bilingual Head Start|30 East 111th Street|Manhattan| 10029 |Manhattan 10029|No| 2 |Head Start|3/17/1900 |12:00:00 AM | 0 | 0 | 77 | 0 | 0 | 63 | 0 | 63 | 0 | 0 | 0 | 0 | 0 | 0 | 0 | 0 | 0 | 1089194.26 | 1089194.26 | 0 | 1089194.26 | 282972.7254375 | 0 | 282972.7254375 | 806221.5345625 | 0 | 0 | 0 | 0 | 0 | 0 | 0 | 0 | 0 | 0 | 0 | 0 | 0 | 0 | 0 | 0 | 0 | 0 | 0 | 0 | 282972.7254375 | 0 | 0 | 0 | 282972.7254375 | 806221.5345625 | 0 | 806221.5345625 | 201555.383640625 | 282972.7254375 | 0 | 0 | 0 | 282972.7254375 | 0 | 0 | 0 | 0 | 0 | 0 | 0 | 0 | 78216.5224222937 
0000758309| 20131407292 |MAPW|00097| 1580402 |Union Settlement Association|Leggett Memorial|237 E. 104th Street|Manhattan| 10029 |Manhattan 10029|No| 1 |Dual|3/11/1900 |1/9/1900 | 0 | 16 | 28 | 27 | 7 | 12 | 11 | 30 | 0 | 0 | 0 | 0 | 0 | 0 | 0 | 0 | 182483 | 943493.44 | 1125976.44 | 0 | 1125976.44 | 64137.7224 | 37132.3656 | 101270.088 | 344871.2376 | 0 | 679835.1144 | 0 | 0 | 0 | 0 | 0 | 0 | 0 | 0 | 0 | 0 | 0 | 0 | 0 | 0 | 0 | 0 | 0 | 0 | 64137.7224 | 37132.3656 | 0 | 0 | 101270.088 | 344871.2376 | 0 | 344871.2376 | 86217.8094 | 64137.7224 | 0 | 0 | 0 | 64137.7224 | 22080.087 | 0 | 13104.3526259378 | 35715.5323309753 | 0 | 2666.52571832798 | 22080.087 | 73566.4976752411 | 80857.9008360129 
0000945766| 20131406787 |MAXF|00802| 1580701 |Addie Mae Collins Community Service|Addie Mae Collins 1|110 East 129th Street|Manhattan| 10035 |Manhattan 10035|No| 2 |Head Start|2/5/1900 |12:00:00 AM | 0 | 0 | 37 | 0 | 0 | 15 | 0 | 15 | 0 | 0 | 0 | 0 | 0 | 0 | 0 | 0 | 0 | 523379.06 | 523379.06 | 0 | 523379.06 | 67374.4584375 | 0 | 67374.4584375 | 456004.6015625 | 0 | 0 | 0 | 0 | 0 | 0 | 0 | 0 | 0 | 0 | 0 | 0 | 0 | 0 | 0 | 0 | 0 | 0 | 0 | 0 | 67374.4584375 | 0 | 0 | 0 | 67374.4584375 | 456004.6015625 | 0 | 456004.6015625 | 114001.150390625 | 67374.4584375 | 0 | 0 | 0 | 67374.4584375 | 46626.691953125 | 0 | 0 | 0 | 0 | 0 | 46626.691953125 | 46626.691953125 | 37584.5627224009 
0000488616| 20131406896 |COMF1|00808| 1581301 |Committee for Early Childhood Development DCC|COMFEC Jamaica #1|193-04 Jamaica Avenue|Queens| 11423 |Queens 11423|No| 3 |Child Care|4/28/1900 |12:00:00 AM | 0 | 0 | 0 | 119 | 0 | 0 | 50 | 50 | 0 | 0 | 0 | 0 | 0 | 0 | 0 | 0 | 0 | 1376820.48 | 1376820.48 | 0 | 1376820.48 | 0 | 146953.44 | 146953.44 | 0 | 0 | 1229867.04 | 0 | 0 | 0 | 0 | 0 | 0 | 0 | 0 | 0 | 0 | 0 | 0 | 0 | 0 | 0 | 0 | 0 | 0 | 0 | 146953.44 | 0 | 0 | 146953.44 | 0 | 0 | 0 | 0 | 0 | 0 | 0 | 0 | 0 | 0 | 0 | 0 | 88318.4262379421 | 0 | 10552.9265594855 | 0 | 98871.3527974277 | 98871.3527974277 
0001118274| 20131407216 |QARG|00825| 1581601 |South Jamaica Center for Children and Parents|South jamaica Center for Children and Parents Inc. Center 1|114-02 Guy R. Brewer Boulevard|Queens| 11434 |Queens 11434|No| 2 |Head Start|2/19/1900 |12:00:00 AM | 0 | 0 | 51 | 0 | 0 | 21 | 0 | 21 | 0 | 0 | 0 | 0 | 0 | 0 | 0 | 0 | 0 | 721414.38 | 721414.38 | 0 | 721414.38 | 94324.2418125 | 0 | 94324.2418125 | 627090.1381875 | 0 | 0 | 0 | 0 | 0 | 0 | 0 | 0 | 0 | 0 | 0 | 0 | 0 | 0 | 0 | 0 | 0 | 0 | 0 | 0 | 94324.2418125 | 0 | 0 | 0 | 94324.2418125 | 627090.1381875 | 0 | 627090.1381875 | 156772.534546875 | 94324.2418125 | 0 | 0 | 0 | 94324.2418125 | 62448.292734375 | 0 | 0 | 0 | 0 | 0 | 62448.292734375 | 62448.292734375 | 51805.7486173634 
0001118274| 20131407216 |QAYD|00825| 1581602 |South Jamaica Center for Children and Parents|South jamaica Center for Children and Parents Inc. Center 2|94-43 159th Street|Queens| 11433 |Queens 11433|No| 2 |Head Start|2/28/1900 |12:00:00 AM | 0 | 0 | 60 | 0 | 0 | 25 | 0 | 25 | 0 | 0 | 0 | 0 | 0 | 0 | 0 | 0 | 0 | 848722.8 | 848722.8 | 0 | 848722.8 | 112290.7640625 | 0 | 112290.7640625 | 736432.0359375 | 0 | 0 | 0 | 0 | 0 | 0 | 0 | 0 | 0 | 0 | 0 | 0 | 0 | 0 | 0 | 0 | 0 | 0 | 0 | 0 | 112290.7640625 | 0 | 0 | 0 | 112290.7640625 | 736432.0359375 | 0 | 736432.0359375 | 184108.008984375 | 112290.7640625 | 0 | 0 | 0 | 112290.7640625 | 71817.244921875 | 0 | 0 | 0 | 0 | 0 | 71817.244921875 | 71817.244921875 | 60947.9395498392 
0000795161| 20131406993 |XAOT|00614| 1582101 |Kingsbridge Heights Community Center|Kingsbridge Heights Community Center|3101 Kingsbridge Terrace|Bronx| 10463 |Bronx 10463|No| 1 |Dual|3/4/1900 |12:00:00 AM | 0 | 17 | 32 | 15 | 7 | 14 | 6 | 27 | 0 | 0 | 0 | 0 | 0 | 0 | 0 | 0 | 0 | 850305.28 | 850305.28 | 0 | 850305.28 | 70875.08505 | 20250.0243 | 91125.10935 | 392239.49495 | 0 | 366940.6757 | 0 | 0 | 0 | 0 | 0 | 0 | 0 | 0 | 0 | 0 | 0 | 0 | 0 | 0 | 0 | 0 | 0 | 0 | 70875.08505 | 20250.0243 | 0 | 0 | 91125.10935 | 392239.49495 | 0 | 392239.49495 | 98059.8737375 | 70875.08505 | 0 | 0 | 0 | 70875.08505 | 27184.7886875 | 0 | 0 | 26350.5094018221 | 0 | 1454.18180932476 | 27184.7886875 | 54989.4798986469 | 61061.5795927117 
0000795161| 20131406993 |XALV|00614| 1582102 |Kingsbridge Heights Community Center|Crawford Day Care Center|295 West 231st Street|Bronx| 10463 |Bronx 10463|Yes| 1 |Dual|4/24/1900 |12:00:00 AM | 0 | 31 | 63 | 21 | 13 | 26 | 9 | 48 | 0 | 0 | 0 | 0 | 0 | 0 | 0 | 0 | 0 | 1434188 | 1434188 | 381445.8 | 1815633.8 | 123552.702 | 28512.162 | 152064.864 | 780805.09358394 | 0 | 501318.04241606 | 0 | 0 | 0 | 0 | 22218.3 | 22218.3 | 0 | 0 | 5127.3 | 5127.3 | 0 | 0 | 215525.98441606 | 215525.98441606 | 0 | 0 | 0 | 0 | 123552.702 | 28512.162 | 22218.3 | 5127.3 | 179410.464 | 780805.09358394 | 215525.98441606 | 996331.078 | 249082.7695 | 123552.702 | 0 | 22218.3 | 0 | 145771.002 | 103311.7675 | 0 | 0 | 36000.3310202315 | 0 | 2047.49716398714 | 103311.7675 | 141359.595684219 | 102990.99249732 
0001047966| 20131406970 |KBVB|00431| 1582301 |New Life Child Development Center|New Life Child Development Center 2|406 Grove Street|Brooklyn| 11237 |Brooklyn 11237|No| 1 |Dual|5/29/1900 |12:00:00 AM | 0 | 37 | 80 | 33 | 15 | 33 | 14 | 62 | 0 | 0 | 0 | 0 | 0 | 0 | 0 | 0 | 0 | 1993296 | 1993296 | 0 | 1993296 | 162032.1408 | 47259.3744 | 209291.5152 | 983118.3392 | 0 | 800886.1456 | 0 | 0 | 0 | 0 | 0 | 0 | 0 | 0 | 0 | 0 | 0 | 0 | 0 | 0 | 0 | 0 | 0 | 0 | 162032.1408 | 47259.3744 | 0 | 0 | 209291.5152 | 983118.3392 | 0 | 983118.3392 | 245779.5848 | 162032.1408 | 0 | 0 | 0 | 162032.1408 | 83747.444 | 0 | 0 | 57512.7242821007 | 0 | 3393.7600051447 | 83747.444 | 144653.928287245 | 143141.29903537 
0000502601| 20131406838 |KBRZ|00708| 1582802 |Bushwick United Housing Development Fund Corp.|Bushwick United HDFC 3|331 Central Avenue|Brooklyn| 11221 |Brooklyn 11221|No| 2 |Head Start|2/2/1900 |12:00:00 AM | 0 | 0 | 34 | 0 | 0 | 14 | 0 | 14 | 0 | 0 | 0 | 0 | 0 | 0 | 0 | 0 | 0 | 480942.92 | 480942.92 | 0 | 480942.92 | 62882.827875 | 0 | 62882.827875 | 418060.092125 | 0 | 0 | 0 | 0 | 0 | 0 | 0 | 0 | 0 | 0 | 0 | 0 | 0 | 0 | 0 | 0 | 0 | 0 | 0 | 0 | 62882.827875 | 0 | 0 | 0 | 62882.827875 | 418060.092125 | 0 | 418060.092125 | 104515.02303125 | 62882.827875 | 0 | 0 | 0 | 62882.827875 | 41632.19515625 | 0 | 0 | 0 | 0 | 0 | 41632.19515625 | 41632.19515625 | 34537.1657449089 
0000502601| 20131406838 |KBSA|00708| 1582805 |Bushwick United Housing Development Fund Corp.|Bushwick United HDFC 2|77 Wilson Avenue|Brooklyn| 11237 |Brooklyn 11237|No| 2 |Head Start|3/29/1900 |12:00:00 AM | 0 | 0 | 89 | 0 | 0 | 37 | 0 | 37 | 0 | 0 | 0 | 0 | 0 | 0 | 0 | 0 | 0 | 1258938.82 | 1258938.82 | 0 | 1258938.82 | 166190.3308125 | 0 | 166190.3308125 | 1092748.4891875 | 0 | 0 | 0 | 0 | 0 | 0 | 0 | 0 | 0 | 0 | 0 | 0 | 0 | 0 | 0 | 0 | 0 | 0 | 0 | 0 | 166190.3308125 | 0 | 0 | 0 | 166190.3308125 | 1092748.4891875 | 0 | 1092748.4891875 | 273187.122296875 | 166190.3308125 | 0 | 0 | 0 | 166190.3308125 | 106996.791484375 | 0 | 0 | 0 | 0 | 0 | 106996.791484375 | 106996.791484375 | 90406.1103322615 
0000815410|20131406983|MAXJ|00814| 1582901 |Ft. George Community Enrichment Center|Ft George Head Start|1525 St Nicholas Ave|Manhattan| 10033 |Manhattan 10033|No| 2 |Head Start|5/14/1900 |12:00:00 AM | 0 | 0 | 135 | 0 | 0 | 56 | 0 | 56 | 0 | 0 | 0 | 0 | 0 | 0 | 0 | 0 | 0 | 1905735.6 | 1905735.6 | 0 | 1905735.6 | 251018.838 | 0 | 251018.838 | 1654716.762 | 0 | 0 | 0 | 0 | 0 | 0 | 0 | 0 | 0 | 0 | 0 | 0 | 0 | 0 | 0 | 0 | 0 | 0 | 0 | 0 | 251018.838 | 0 | 0 | 0 | 251018.838 | 1654716.762 | 0 | 1654716.762 | 413679.1905 | 251018.838 | 0 | 0 | 0 | 251018.838 | 162660.3525 | 0 | 0 | 0 | 0 | 0 | 162660.3525 | 162660.3525 | 136853.467524116 
0000815410|20131406983|MBBJ|00814| 1582902 |Ft. George Community Enrichment Center|Ft George Child and Family Development Center 1|601 W 186 St|Manhattan| 10033 |Manhattan 10033|No| 1 |Dual|2/19/1900 |12:00:00 AM | 0 | 15 | 26 | 10 | 6 | 11 | 4 | 21 | 0 | 0 | 0 | 0 | 0 | 0 | 0 | 0 | 0 | 668768.1 | 668768.1 | 0 | 668768.1 | 56628.32175 | 13324.311 | 69952.63275 | 314718.77825 | 0 | 284096.689 | 0 | 0 | 0 | 0 | 0 | 0 | 0 | 0 | 0 | 0 | 0 | 0 | 0 | 0 | 0 | 0 | 0 | 0 | 56628.32175 | 13324.311 | 0 | 0 | 69952.63275 | 314718.77825 | 0 | 314718.77825 | 78679.6945625 | 56628.32175 | 0 | 0 | 0 | 56628.32175 | 22051.3728125 | 0 | 0 | 20401.3699496249 | 0 | 956.836909967846 | 22051.3728125 | 43409.5796720927 | 48025.1475884244 
0000946138| 20131406919 |MAWH|00906| 1583101 |East Harlem Council for Human Services|East Harlem Council for Human Services, Inc. Bilingual Head Start|440 East 116th Street|Manhattan| 10029 |Manhattan 10029|No| 2 |Head Start|5/30/1900 |12:00:00 AM | 0 | 0 | 151 | 0 | 0 | 32 | 0 | 32 | 0 | 0 | 0 | 0 | 0 | 0 | 0 | 0 | 0 | 2135952.38 | 2135952.38 | 0 | 2135952.38 | 143732.178 | 0 | 143732.178 | 1992220.202 | 0 | 0 | 0 | 0 | 0 | 0 | 0 | 0 | 0 | 0 | 0 | 0 | 0 | 0 | 0 | 0 | 0 | 0 | 0 | 0 | 143732.178 | 0 | 0 | 0 | 143732.178 | 1992220.202 | 0 | 1992220.202 | 498055.0505 | 143732.178 | 0 | 0 | 0 | 143732.178 | 354322.8725 | 0 | 0 | 0 | 0 | 0 | 354322.8725 | 354322.8725 | 153385.647867095 
0000517987| 20131406679 |KBFD|00826| 1583301 |St. Marks U.M.C. Family Services Council|St. Marks|2017 Beverley Road|Brooklyn| 11226 |Brooklyn 11226|No| 2 |Head Start|5/23/1900 |12:00:00 AM | 0 | 0 | 144 | 0 | 0 | 60 | 0 | 60 | 0 | 0 | 0 | 0 | 0 | 0 | 0 | 0 | 0 | 2036934.72 | 2036934.72 | 0 | 2036934.72 | 269497.83375 | 0 | 269497.83375 | 1767436.88625 | 0 | 0 | 0 | 0 | 0 | 0 | 0 | 0 | 0 | 0 | 0 | 0 | 0 | 0 | 0 | 0 | 0 | 0 | 0 | 0 | 269497.83375 | 0 | 0 | 0 | 269497.83375 | 1767436.88625 | 0 | 1767436.88625 | 441859.2215625 | 269497.83375 | 0 | 0 | 0 | 269497.83375 | 172361.3878125 | 0 | 0 | 0 | 0 | 0 | 172361.3878125 | 172361.3878125 | 146275.054919614 
0000865280| 20131417417 |MAXD|00801| 1583601 |Abyssinian Development Corporation|Abyssinian Development Corp 1|129 West 138th Street|Manhattan| 10030 |Manhattan 10030|No| 2 |Head Start|2/22/1900 |12:00:00 AM | 0 | 0 | 54 | 0 | 0 | 22 | 0 | 22 | 0 | 0 | 0 | 0 | 0 | 0 | 0 | 0 | 0 | 763850.52 | 763850.52 | 0 | 763850.52 | 98815.872375 | 0 | 98815.872375 | 665034.647625 | 0 | 0 | 0 | 0 | 0 | 0 | 0 | 0 | 0 | 0 | 0 | 0 | 0 | 0 | 0 | 0 | 0 | 0 | 0 | 0 | 98815.872375 | 0 | 0 | 0 | 98815.872375 | 665034.647625 | 0 | 665034.647625 | 166258.66190625 | 98815.872375 | 0 | 0 | 0 | 98815.872375 | 67442.78953125 | 0 | 0 | 0 | 0 | 0 | 67442.78953125 | 67442.78953125 | 54853.1455948553 
0000911227| 20131406969 |XAQZ|00604| 1584301 |Mid Bronx CCRP Early Childhood Center|Mid Bronx CCRP ECC 1|1125 Grand Concourse|Bronx| 10452 |Bronx 10452|No| 2 |Head Start|9/3/1900 |12:00:00 AM | 0 | 0 | 247 | 0 | 0 | 103 | 0 | 103 | 0 | 0 | 0 | 0 | 0 | 0 | 0 | 0 | 0 | 3493908.86 | 3493908.86 | 0 | 3493908.86 | 462637.9479375 | 0 | 462637.9479375 | 3031270.9120625 | 0 | 0 | 0 | 0 | 0 | 0 | 0 | 0 | 0 | 0 | 0 | 0 | 0 | 0 | 0 | 0 | 0 | 0 | 0 | 0 | 462637.9479375 | 0 | 0 | 0 | 462637.9479375 | 3031270.9120625 | 0 | 3031270.9120625 | 757817.728015625 | 462637.9479375 | 0 | 0 | 0 | 462637.9479375 | 295179.780078125 | 0 | 0 | 0 | 0 | 0 | 295179.780078125 | 295179.780078125 | 250902.351146838 
0000788909| 20131407009 |XANW|00217| 1600077 |Highbridge Advisory Council Family Services|Highbridge Advisory Council Head Start|880 River Avenue - 2nd Floor|Bronx| 10452 |Bronx 10452|No| 2 |Head Start|3/14/1900 |12:00:00 AM | 0 | 0 | 74 | 0 | 0 | 33 | 0 | 33 | 0 | 0 | 0 | 0 | 0 | 0 | 0 | 0 | 0 | 1046758.12 | 1046758.12 | 0 | 1046758.12 | 148223.8085625 | 0 | 148223.8085625 | 898534.3114375 | 0 | 0 | 0 | 0 | 0 | 0 | 0 | 0 | 0 | 0 | 0 | 0 | 0 | 0 | 0 | 0 | 0 | 0 | 0 | 0 | 148223.8085625 | 0 | 0 | 0 | 148223.8085625 | 898534.3114375 | 0 | 898534.3114375 | 224633.577859375 | 148223.8085625 | 0 | 0 | 0 | 148223.8085625 | 76409.769296875 | 0 | 0 | 0 | 0 | 0 | 76409.769296875 | 76409.769296875 | 75169.1254448017 
0002014804| 20131407210 |KBOP|00887| 1600089 |Traditional Day Care Center|Traditional Day care center|1112 Winthrop Street|Brooklyn| 11212 |Brooklyn 11212|No| 3 |Child Care|2/27/1900 |12:00:00 AM | 0 | 0 | 0 | 59 | 0 | 0 | 25 | 25 | 0 | 0 | 0 | 0 | 0 | 0 | 0 | 0 | 0 | 682625.28 | 682625.28 | 0 | 682625.28 | 0 | 73476.72 | 73476.72 | 0 | 0 | 609148.56 | 0 | 0 | 0 | 0 | 0 | 0 | 0 | 0 | 0 | 0 | 0 | 0 | 0 | 0 | 0 | 0 | 0 | 0 | 0 | 73476.72 | 0 | 0 | 73476.72 | 0 | 0 | 0 | 0 | 0 | 0 | 0 | 0 | 0 | 0 | 0 | 0 | 43743.787266881 | 0 | 5276.46327974277 | 0 | 49020.2505466238 | 49020.2505466238 
0000830434| 20131406829 |XAOD|00612| 1600272 |Bronx Works|BronxWorks ECLC|1130 Grand Concourse|Bronx| 10456 |Bronx 10456|No| 1 |Dual|2/23/1900 |12:00:00 AM | 0 | 16 | 29 | 10 | 7 | 12 | 4 | 23 | 0 | 0 | 0 | 0 | 0 | 0 | 0 | 0 | 0 | 730731.1 | 730731.1 | 0 | 730731.1 | 64125.07695 | 13500.0162 | 77625.09315 | 358054.62305 | 0 | 295051.3838 | 0 | 0 | 0 | 0 | 0 | 0 | 0 | 0 | 0 | 0 | 0 | 0 | 0 | 0 | 0 | 0 | 0 | 0 | 64125.07695 | 13500.0162 | 0 | 0 | 77625.09315 | 358054.62305 | 0 | 358054.62305 | 89513.6557625 | 64125.07695 | 0 | 0 | 0 | 64125.07695 | 25388.5788125 | 0 | 0 | 21188.0414947481 | 0 | 969.454539549839 | 25388.5788125 | 47546.074846798 | 52474.7949624866 
0000758309| 20131407292 |MAVY|00097| 1600414 |Union Settlement Association|Metro North Childcare Center|304 E 102 St|Manhattan| 10029 |Manhattan 10029|No| 1 |Dual|2/2/1900 |1/9/1900 | 0 | 6 | 12 | 16 | 2 | 5 | 7 | 14 | 0 | 0 | 0 | 0 | 0 | 0 | 0 | 0 | 182483 | 451813.76 | 634296.76 | 0 | 634296.76 | 23629.6872 | 23629.6872 | 47259.3744 | 147926.6328 | 0 | 439110.7528 | 0 | 0 | 0 | 0 | 0 | 0 | 0 | 0 | 0 | 0 | 0 | 0 | 0 | 0 | 0 | 0 | 0 | 0 | 23629.6872 | 23629.6872 | 0 | 0 | 47259.3744 | 147926.6328 | 0 | 147926.6328 | 36981.6582 | 23629.6872 | 0 | 0 | 0 | 23629.6872 | 13351.971 | 0 | 13104.3526259378 | 18428.7882503751 | 0 | 1696.88000257235 | 13351.971 | 46581.9918788853 | 45549.7137406217 
0000821676| 20131406924 |MAXC|00812| 1601062 |Ecumenical Community Development Organization|ECDO Child Start Center|249 West 144th Street|Manhattan| 10030 |Manhattan 10030|No| 2 |Head Start|2/23/1900 |12:00:00 AM | 0 | 0 | 55 | 0 | 0 | 23 | 0 | 23 | 0 | 0 | 0 | 0 | 0 | 0 | 0 | 0 | 0 | 777995.9 | 777995.9 | 0 | 777995.9 | 103307.5029375 | 0 | 103307.5029375 | 674688.3970625 | 0 | 0 | 0 | 0 | 0 | 0 | 0 | 0 | 0 | 0 | 0 | 0 | 0 | 0 | 0 | 0 | 0 | 0 | 0 | 0 | 103307.5029375 | 0 | 0 | 0 | 103307.5029375 | 674688.3970625 | 0 | 674688.3970625 | 168672.099265625 | 103307.5029375 | 0 | 0 | 0 | 103307.5029375 | 65364.596328125 | 0 | 0 | 0 | 0 | 0 | 65364.596328125 | 65364.596328125 | 55868.9445873526 
VC00101430| 20131406816 |XART|00871| 1601243 |Brightside Academy|Brightside Academy - East 150th|331 E. 150th St.|Bronx| 10451 |Bronx 10451|No| 3 |Child Care|1/19/1900 |12:00:00 AM | 0 | 0 | 0 | 20 | 0 | 0 | 8 | 8 | 0 | 0 | 0 | 0 | 0 | 0 | 0 | 0 | 0 | 231398.4 | 231398.4 | 0 | 231398.4 | 0 | 23512.5504 | 23512.5504 | 0 | 0 | 207885.8496 | 0 | 0 | 0 | 0 | 0 | 0 | 0 | 0 | 0 | 0 | 0 | 0 | 0 | 0 | 0 | 0 | 0 | 0 | 0 | 23512.5504 | 0 | 0 | 23512.5504 | 0 | 0 | 0 | 0 | 0 | 0 | 0 | 0 | 0 | 0 | 0 | 0 | 14928.5658340836 | 0 | 1688.46824951768 | 0 | 16617.0340836013 | 16617.0340836013 
0003009063| 20131406890 |KBOZ|00875| 1601479 |Christina Day Care|Blake and Milford DCC|334 Milford Street|Brooklyn| 11208 |Brooklyn 11208|No| 3 |Child Care|1/26/1900 |1/8/1900 | 8 | 0 | 0 | 27 | 0 | 0 | 11 | 11 | 0 | 0 | 0 | 0 | 0 | 0 | 0 | 188577.12 | 162419.04 | 312387.84 | 663384 | 0 | 663384 | 0 | 32329.7568 | 32329.7568 | 0 | 0 | 631054.2432 | 0 | 0 | 0 | 0 | 0 | 0 | 0 | 0 | 0 | 0 | 0 | 0 | 0 | 0 | 0 | 0 | 0 | 0 | 0 | 32329.7568 | 0 | 0 | 32329.7568 | 0 | 0 | 0 | 0 | 0 | 0 | 0 | 0 | 0 | 0 | 13541.9796784566 | 11663.5323472669 | 20111.3521697749 | 0 | 2321.64384308682 | 0 | 47638.5080385852 | 47638.5080385852 
0000938968| 20131406889 |MAUK|00594| 1601617 |Children's Aid Society|P.S. 152|93 Nagle Avenue|Manhattan| 10040 |Manhattan 10040|No| 2 |Head Start|3/10/1900 |12:00:00 AM | 0 | 0 | 70 | 0 | 0 | 29 | 0 | 29 | 0 | 0 | 0 | 0 | 0 | 0 | 0 | 0 | 0 | 990176.6 | 990176.6 | 0 | 990176.6 | 130257.2863125 | 0 | 130257.2863125 | 859919.3136875 | 0 | 0 | 0 | 0 | 0 | 0 | 0 | 0 | 0 | 0 | 0 | 0 | 0 | 0 | 0 | 0 | 0 | 0 | 0 | 0 | 130257.2863125 | 0 | 0 | 0 | 130257.2863125 | 859919.3136875 | 0 | 859919.3136875 | 214979.828421875 | 130257.2863125 | 0 | 0 | 0 | 130257.2863125 | 84722.542109375 | 0 | 0 | 0 | 0 | 0 | 84722.542109375 | 84722.542109375 | 71105.9294748125 
0003153400| 20131407182 |QARK|00886| 1601645 |Sholom Day Care|Sholom Day Care 2|84-37 118 Street|Queens| 11415 |Queens 11415|No| 3 |Child Care|1/24/1900 |1/2/1900 | 0 | 0 | 0 | 25 | 0 | 0 | 10 | 10 | 0 | 0 | 0 | 0 | 0 | 0 | 0 | 0 | 54139.68 | 289248 | 343387.68 | 0 | 343387.68 | 0 | 29390.688 | 29390.688 | 0 | 0 | 313996.992 | 0 | 0 | 0 | 0 | 0 | 0 | 0 | 0 | 0 | 0 | 0 | 0 | 0 | 0 | 0 | 0 | 0 | 0 | 0 | 29390.688 | 0 | 0 | 29390.688 | 0 | 0 | 0 | 0 | 0 | 0 | 0 | 0 | 0 | 0 | 0 | 3887.84411575563 | 18660.7072926045 | 0 | 2110.58531189711 | 0 | 24659.1367202572 | 24659.1367202572 
0002014804| 20131407210 |KBGB|00887| 1601784 |Traditional Day Care Center|Traditional Educational Center|1469B Broadway|Brooklyn| 11221 |Brooklyn 11221|No| 3 |Child Care|5/24/1900 |12:00:00 AM | 0 | 0 | 0 | 145 | 0 | 0 | 60 | 60 | 0 | 0 | 0 | 0 | 0 | 0 | 0 | 0 | 0 | 1677638.4 | 1677638.4 | 0 | 1677638.4 | 0 | 176344.128 | 176344.128 | 0 | 0 | 1501294.272 | 0 | 0 | 0 | 0 | 0 | 0 | 0 | 0 | 0 | 0 | 0 | 0 | 0 | 0 | 0 | 0 | 0 | 0 | 0 | 176344.128 | 0 | 0 | 176344.128 | 0 | 0 | 0 | 0 | 0 | 0 | 0 | 0 | 0 | 0 | 0 | 0 | 107809.985234727 | 0 | 12663.5118713826 | 0 | 120473.497106109 | 120473.497106109 
VS00008892| 20131407115 |KBWT|00883| 1601816 |Our Children the Leaders of Tomorrow|Our Children the Leaders of Tomorrow 1|756 Myrtle Avenue|Brooklyn| 11206 |Brooklyn 11206|No| 3 |Child Care|3/25/1900 |12:00:00 AM | 0 | 0 | 0 | 85 | 0 | 0 | 35 | 35 | 0 | 0 | 0 | 0 | 0 | 0 | 0 | 0 | 0 | 930217.9 | 930217.9 | 0 | 930217.9 | 0 | 97300.08225 | 97300.08225 | 0 | 0 | 832917.81775 | 0 | 0 | 0 | 0 | 0 | 0 | 0 | 0 | 0 | 0 | 0 | 0 | 0 | 0 | 0 | 0 | 0 | 0 | 0 | 97300.08225 | 0 | 0 | 97300.08225 | 0 | 0 | 0 | 0 | 0 | 0 | 0 | 0 | 0 | 0 | 0 | 0 | 59812.9622607181 | 0 | 6987.25135128617 | 0 | 66800.2136120043 | 66800.2136120043 
VC00101430| 20131406816 |XATQ|00871| 1601865 |Brightside Academy|Brightside Academy - Webster|1455 Webster Ave.|Bronx| 10456 |Bronx 10456|No| 3 |Child Care|1/19/1900 |1/5/1900 | 0 | 0 | 0 | 20 | 0 | 0 | 8 | 8 | 0 | 0 | 0 | 0 | 0 | 0 | 0 | 0 | 108279.36 | 230350.4 | 338629.76 | 0 | 338629.76 | 0 | 23406.0624 | 23406.0624 | 0 | 0 | 315223.6976 | 0 | 0 | 0 | 0 | 0 | 0 | 0 | 0 | 0 | 0 | 0 | 0 | 0 | 0 | 0 | 0 | 0 | 0 | 0 | 23406.0624 | 0 | 0 | 23406.0624 | 0 | 0 | 0 | 0 | 0 | 0 | 0 | 0 | 0 | 0 | 0 | 7775.68823151126 | 14860.9545757771 | 0 | 1680.82120128617 | 0 | 24317.4640085745 | 24317.4640085745 
0003093785| 20131407015 |KBWE|00880| 1601901 |Inner Force Tots|Inner Force Tots|1181 East New York Avenue|Brooklyn| 11212 |Brooklyn 11212|No| 1 |Dual|9/4/1900 |3/7/1900 | 24 | 49 | 97 | 102 | 20 | 40 | 43 | 103 | 0 | 0 | 0 | 0 | 0 | 0 | 0 | 570573.12 | 1222636.1 | 3295582.72 | 5088791.94 | 0 | 5088791.94 | 202540.176 | 145153.7928 | 347693.9688 | 1195510.464 | 0 | 3545587.5072 | 0 | 0 | 0 | 0 | 0 | 0 | 0 | 0 | 0 | 0 | 0 | 0 | 0 | 0 | 0 | 0 | 0 | 0 | 202540.176 | 145153.7928 | 0 | 0 | 347693.9688 | 1195510.464 | 0 | 1195510.464 | 298877.616 | 202540.176 | 0 | 0 | 0 | 202540.176 | 96337.4399999999 | 40973.6324115756 | 87799.1625937835 | 125840.670141908 | 0 | 10423.691444373 | 96337.4399999999 | 361374.59659164 | 365433.07607717 
VC00101430| 20131406816 |XATR|00871| 1601922 |Brightside Academy|Brightside Academy - White Plains #1|2901 White Plains Road|Bronx| 10467 |Bronx 10467|No| 3 |Child Care|1/19/1900 |1/9/1900 | 4 | 0 | 0 | 20 | 0 | 0 | 8 | 8 | 0 | 0 | 0 | 0 | 0 | 0 | 0 | 94288.56 | 180465.6 | 231398.4 | 506152.56 | 0 | 506152.56 | 0 | 23512.5504 | 23512.5504 | 0 | 0 | 482640.0096 | 0 | 0 | 0 | 0 | 0 | 0 | 0 | 0 | 0 | 0 | 0 | 0 | 0 | 0 | 0 | 0 | 0 | 0 | 0 | 23512.5504 | 0 | 0 | 23512.5504 | 0 | 0 | 0 | 0 | 0 | 0 | 0 | 0 | 0 | 0 | 6770.9898392283 | 12959.4803858521 | 14928.5658340836 | 0 | 1688.46824951768 | 0 | 36347.5043086817 | 36347.5043086817 
VC00101430| 20131406816 |KBTE|00871| 1601965 |Brightside Academy|Brightside Academy - Broadway|1491 Broadway Avenue|Brooklyn| 11221 |Brooklyn 11221|No| 3 |Child Care|1/29/1900 |1/10/1900 | 8 | 0 | 0 | 30 | 0 | 0 | 12 | 12 | 0 | 0 | 0 | 0 | 0 | 0 | 0 | 188577.12 | 198512.16 | 347097.6 | 734186.88 | 0 | 734186.88 | 0 | 35268.8256 | 35268.8256 | 0 | 0 | 698918.0544 | 0 | 0 | 0 | 0 | 0 | 0 | 0 | 0 | 0 | 0 | 0 | 0 | 0 | 0 | 0 | 0 | 0 | 0 | 0 | 35268.8256 | 0 | 0 | 35268.8256 | 0 | 0 | 0 | 0 | 0 | 0 | 0 | 0 | 0 | 0 | 13541.9796784566 | 14255.4284244373 | 22392.8487511254 | 0 | 2532.70237427653 | 0 | 52722.9592282958 | 52722.9592282958 
VS00008855| 20131406887 |NPCPL|00874| 1602014 |Child Prodigy Learning Center|Child Prodigy Learning Center|311 Saratoga Ave|Brooklyn| 11233 |Brooklyn 11233|No| 3 |Child Care|12:00:00 AM |1/11/1900 | 0 | 0 | 0 | 0 | 0 | 0 | 0 | 0 | 0 | 0 | 0 | 0 | 0 | 0 | 0 | 0 | 216558.72 | 0 | 216558.72 | 0 | 216558.72 | 0 | 0 | 0 | 0 | 0 | 216558.72 | 0 | 0 | 0 | 0 | 0 | 0 | 0 | 0 | 0 | 0 | 0 | 0 | 0 | 0 | 0 | 0 | 0 | 0 | 0 | 0 | 0 | 0 | 0 | 0 | 0 | 0 | 0 | 0 | 0 | 0 | 0 | 0 | 0 | 0 | 15551.3764630225 | 0 | 0 | 0 | 0 | 15551.3764630225 | 15551.3764630225 
VC00101430| 20131406816 |XATT|00871| 1602040 |Brightside Academy|Brightside Academy - Intervale|960 Intervale Avenue|Bronx| 10459 |Bronx 10459|No| 3 |Child Care|1/19/1900 |1/9/1900 | 0 | 0 | 0 | 20 | 0 | 0 | 8 | 8 | 0 | 0 | 0 | 0 | 0 | 0 | 0 | 0 | 180465.6 | 231398.4 | 411864 | 0 | 411864 | 0 | 23512.5504 | 23512.5504 | 0 | 0 | 388351.4496 | 0 | 0 | 0 | 0 | 0 | 0 | 0 | 0 | 0 | 0 | 0 | 0 | 0 | 0 | 0 | 0 | 0 | 0 | 0 | 23512.5504 | 0 | 0 | 23512.5504 | 0 | 0 | 0 | 0 | 0 | 0 | 0 | 0 | 0 | 0 | 0 | 12959.4803858521 | 14928.5658340836 | 0 | 1688.46824951768 | 0 | 29576.5144694534 | 29576.5144694534 
VC00101430| 20131406816 |XAJF|00871| 1602125 |Brightside Academy|Brightside Academy - Louis Nine|1334 Louis Nine Blvd|Bronx| 10459 |Bronx 10459|No| 3 |Child Care|2/18/1900 |1/9/1900 | 6 | 0 | 0 | 50 | 0 | 0 | 21 | 21 | 0 | 0 | 0 | 0 | 0 | 0 | 0 | 141432.84 | 180465.6 | 578496 | 900394.44 | 0 | 900394.44 | 0 | 61720.4448 | 61720.4448 | 0 | 0 | 838673.9952 | 0 | 0 | 0 | 0 | 0 | 0 | 0 | 0 | 0 | 0 | 0 | 0 | 0 | 0 | 0 | 0 | 0 | 0 | 0 | 61720.4448 | 0 | 0 | 61720.4448 | 0 | 0 | 0 | 0 | 0 | 0 | 0 | 0 | 0 | 0 | 10156.4847588424 | 12959.4803858521 | 37110.3560540193 | 0 | 4432.22915498392 | 0 | 64658.5503536977 | 64658.5503536977 
VC00101430| 20131406816 |XAJG|00871| 1602166 |Brightside Academy|Brightside Academy - Southern|1093 Southern Blvd|Bronx| 10459 |Bronx 10459|No| 3 |Child Care|2/3/1900 |1/7/1900 | 0 | 0 | 0 | 35 | 0 | 0 | 15 | 15 | 0 | 0 | 0 | 0 | 0 | 0 | 0 | 0 | 144372.48 | 404947.2 | 549319.68 | 0 | 549319.68 | 0 | 44086.032 | 44086.032 | 0 | 0 | 505233.648 | 0 | 0 | 0 | 0 | 0 | 0 | 0 | 0 | 0 | 0 | 0 | 0 | 0 | 0 | 0 | 0 | 0 | 0 | 0 | 44086.032 | 0 | 0 | 44086.032 | 0 | 0 | 0 | 0 | 0 | 0 | 0 | 0 | 0 | 0 | 0 | 10367.5843086817 | 25913.9316784566 | 0 | 3165.87796784566 | 0 | 39447.3939549839 | 39447.3939549839 
0000501426| 20131407296 |KBVE|00527| 1602227 |Urban Strategies|Urban Strategies 3|1152 Elton Street|Brooklyn| 11208 |Brooklyn 11208|No| 2 |Head Start|3/10/1900 |12:00:00 AM | 0 | 0 | 70 | 0 | 0 | 29 | 0 | 29 | 0 | 0 | 0 | 0 | 0 | 0 | 0 | 0 | 0 | 990176.6 | 990176.6 | 0 | 990176.6 | 130257.2863125 | 0 | 130257.2863125 | 859919.3136875 | 0 | 0 | 0 | 0 | 0 | 0 | 0 | 0 | 0 | 0 | 0 | 0 | 0 | 0 | 0 | 0 | 0 | 0 | 0 | 0 | 130257.2863125 | 0 | 0 | 0 | 130257.2863125 | 859919.3136875 | 0 | 859919.3136875 | 214979.828421875 | 130257.2863125 | 0 | 0 | 0 | 130257.2863125 | 84722.542109375 | 0 | 0 | 0 | 0 | 0 | 84722.542109375 | 84722.542109375 | 71105.9294748125 
0000782920| 20131406968 |XAGX|00882| 2135101 |Lutheran Social Services of NY|LSSMNY: Early LIFE Childrens Center 6|2125 Watson Avenue|Bronx| 10472 |Bronx 10472|No| 1 |Dual|4/24/1900 |12:00:00 AM | 0 | 7 | 76 | 32 | 3 | 32 | 13 | 48 | 0 | 0 | 0 | 0 | 0 | 0 | 0 | 0 | 0 | 1528193.6 | 1528193.6 | 0 | 1528193.6 | 118148.436 | 43883.7048 | 162032.1408 | 907768.284 | 0 | 458393.1752 | 0 | 0 | 0 | 0 | 0 | 0 | 0 | 0 | 0 | 0 | 0 | 0 | 0 | 0 | 0 | 0 | 0 | 0 | 118148.436 | 43883.7048 | 0 | 0 | 162032.1408 | 907768.284 | 0 | 907768.284 | 226942.071 | 118148.436 | 0 | 0 | 0 | 118148.436 | 108793.635 | 0 | 0 | 32917.8378760986 | 0 | 3151.34857620579 | 108793.635 | 144862.821452304 | 109741.662593783 
0000458557| 20131406977 |KAVQ|00879| 2375701 |Hebrew Educational Society|Hebrew Educational Society|9502 Seaview Avenue|Brooklyn| 11236 |Brooklyn 11236|No| 3 |Child Care|2/18/1900 |12:00:00 AM | 0 | 0 | 0 | 50 | 0 | 0 | 21 | 21 | 0 | 0 | 0 | 0 | 0 | 0 | 0 | 0 | 0 | 573518 | 573518 | 0 | 573518 | 0 | 61189.3359 | 61189.3359 | 0 | 0 | 512328.6641 | 0 | 0 | 0 | 0 | 0 | 0 | 0 | 0 | 0 | 0 | 0 | 0 | 0 | 0 | 0 | 0 | 0 | 0 | 0 | 61189.3359 | 0 | 0 | 61189.3359 | 0 | 0 | 0 | 0 | 0 | 0 | 0 | 0 | 0 | 0 | 0 | 0 | 36791.0187510182 | 0 | 4394.08950192926 | 0 | 41185.1082529475 | 41185.1082529475 
0002448506| 20131418796 |QAUT|00870| 2881701 |All My Children Daycare and Nursery School|All My Children Daycare 2|169-07 Jewel Avenue|Queens| 11365 |Queens 11365|No| 3 |Child Care|1/19/1900 |1/7/1900 | 0 | 0 | 0 | 20 | 0 | 0 | 8 | 8 | 0 | 0 | 0 | 0 | 0 | 0 | 0 | 0 | 144372.48 | 231398.4 | 375770.88 | 0 | 375770.88 | 0 | 23512.5504 | 23512.5504 | 0 | 0 | 352258.3296 | 0 | 0 | 0 | 0 | 0 | 0 | 0 | 0 | 0 | 0 | 0 | 0 | 0 | 0 | 0 | 0 | 0 | 0 | 0 | 23512.5504 | 0 | 0 | 23512.5504 | 0 | 0 | 0 | 0 | 0 | 0 | 0 | 0 | 0 | 0 | 0 | 10367.5843086817 | 14928.5658340836 | 0 | 1688.46824951768 | 0 | 26984.618392283 | 26984.618392283 
